Workbook
Name ADI: #REF!
Name District: #REF!
Name segment_lookup: #REF!

Sheet Historic Data (Region)
B1: Sales (T3 Timeframes) | L1: Sales (T1 Timeframes) | V1: T1 Site Visits | AF1: VLPs | AP1: VLPs | In-Market Only | AZ1: T3 SV + VDPs | BC1: T3 Sales Visits | BM1: T3 VDPs | BW1: 2026 T1 HVAs |Total | CH1: 2026 HVAs |T1 to T3 Referrals | CS1: 2026 HVAs |T1 VDP Visits | DD1: 2026 MVAs | (total 5x actions) | DO1: 2026 MVAs | (In-Market Only) | DY1: Leads | EI1: Endemic VDPs | ES1: Total Shop Actions | Total = T3 Referrals + T1 VDPs + Sales Visits | Models = T3 Referrals + T1 VDPs + T3 VDPs | FC1: Total Research Actions | T1 MVAs + Endemic VDPs
C2: Mountain Region | D2: Mid Atlantic Region | E2: South Region | F2: Central Region | G2: West Region | H2: South Central Region | I2: East Region | J2: Total | M2: Mountain Region | N2: Mid Atlantic Region | O2: South Region | P2: Central Region | Q2: West Region | R2: South Central Region | S2: East Region | T2: Total | W2: Mountain Region | X2: Mid Atlantic Region | Y2: South Region | Z2: Central Region | AA2: West Region | AB2: South Central Region | AC2: East Region | AD2: Total | AG2: Mountain Region | AH2: Mid Atlantic Region | AI2: South Region | AJ2: Central Region | AK2: West Region | AL2: South Central Region | AM2: East Region | AN2: Total | AQ2: Mountain Region | AR2: Mid Atlantic Region | AS2: South Region | AT2: Central Region | AU2: West Region | AV2: South Central Region | AW2: East Region | AX2: Total | BA2: Total | BC2: Mountain Region | BD2: Mid Atlantic Region | BE2: South Region | BF2: Central Region | BG2: West Region | BH2: South Central Region | BI2: East Region | BJ2: Sum of Regions | BK2: National | BM2: Mountain Region | BN2: Mid Atlantic Region | BO2: South Region | BP2: Central Region | BQ2: West Region | BR2: South Central Region | BS2: East Region | BT2: Sum of Regions | BU2: National | BX2: Mountain Region | BY2: Mid Atlantic Region | BZ2: South Region | CA2: Central Region | CB2: West Region | CC2: South Central Region | CD2: East Region | CE2: Sum of Regions | CF2: National | CI2: Mountain Region | CJ2: Mid Atlantic Region | CK2: South Region | CL2: Central Region | CM2: West Region | CN2: South Central Region | CO2: East Region | CP2: Sum of Regions | CQ2: National | CT2: Mountain Region | CU2: Mid Atlantic Region | CV2: South Region | CW2: Central Region | CX2: West Region | CY2: South Central Region | CZ2: East Region | DA2: Sum of Regions | DB2: National | DE2: Mountain Region | DF2: Mid Atlantic Region | DG2: South Region | DH2: Central Region | DI2: West Region | DJ2: South Central Region | DK2: East Region | DL2: Sum of Regions | DM2: National | DP2: Mountain Region | DQ2: Mid Atlantic Region | DR2: South Region | DS2: Central Region | DT2: West Region | DU2: South Central Region | DV2: East Region | DW2: Total | DZ2: Mountain Region | EA2: Mid Atlantic Region | EB2: South Region | EC2: Central Region | ED2: West Region | EE2: South Central Region | EF2: East Region | EG2: Total | EJ2: Mountain Region | EK2: Mid Atlantic Region | EL2: South Region | EM2: Central Region | EN2: West Region | EO2: South Central Region | EP2: East Region | EQ2: Total | ET2: Mountain Region | EU2: Mid Atlantic Region | EV2: South Region | EW2: Central Region | EX2: West Region | EY2: South Central Region | EZ2: East Region | FA2: Total | FD2: Mountain Region | FE2: Mid Atlantic Region | FF2: South Region | FG2: Central Region | FH2: West Region | FI2: South Central Region | FJ2: East Region | FK2: Total
B3: Jan - Dec '25 | C3: =SUM(C50:C61) -> 4330 | D3: =SUM(D50:D61) -> 6539 | E3: =SUM(E50:E61) -> 18728 | F3: =SUM(F50:F61) -> 9217 | G3: =SUM(G50:G61) -> 11336 | H3: =SUM(H50:H61) -> 9177 | I3: =SUM(I50:I61) -> 14171 | J3: =SUM(J50:J61) -> 74084 | L3: Jan - Dec '25 | M3: =SUM(M50:M61) -> 4330 | N3: =SUM(N50:N61) -> 6539 | O3: =SUM(O50:O61) -> 18728 | P3: =SUM(P50:P61) -> 9217 | Q3: =SUM(Q50:Q61) -> 11336 | R3: =SUM(R50:R61) -> 9177 | S3: =SUM(S50:S61) -> 14171 | T3: =SUM(T50:T61) -> 74084 | V3: Jan - Dec '25 | W3: =SUM(W50:W61) -> 2035880 | X3: =SUM(X50:X61) -> 3351262 | Y3: =SUM(Y50:Y61) -> 6304361 | Z3: =SUM(Z50:Z61) -> 6052241 | AA3: =SUM(AA50:AA61) -> 5503121 | AB3: =SUM(AB50:AB61) -> 5109111 | AC3: =SUM(AC50:AC61) -> 7209596 | AD3: =SUM(AD50:AD61) -> 36706663 | AF3: Jan - Dec '25 | AG3: =SUM(AG50:AG61) -> 1592067 | AH3: =SUM(AH50:AH61) -> 2550908 | AI3: =SUM(AI50:AI61) -> 4849250 | AJ3: =SUM(AJ50:AJ61) -> 4598493 | AK3: =SUM(AK50:AK61) -> 4347201 | AL3: =SUM(AL50:AL61) -> 3969124 | AM3: =SUM(AM50:AM61) -> 5568814 | AN3: =SUM(AN50:AN61) -> 28207432 | AP3: Jan - Dec '25 | AQ3: =SUM(AQ50:AQ61) -> 0 | AR3: =SUM(AR50:AR61) -> 0 | AS3: =SUM(AS50:AS61) -> 0 | AT3: =SUM(AT50:AT61) -> 0 | AU3: =SUM(AU50:AU61) -> 0 | AV3: =SUM(AV50:AV61) -> 0 | AW3: =SUM(AW50:AW61) -> 0 | AX3: =SUM(AX50:AX61) -> 0 | AZ3: Jan - Dec '25 | BA3: =SUM(BA50:BA61) -> 2165412 | BC3: =SUM(BC50:BC61) -> 1382533 | BD3: =SUM(BD50:BD61) -> 2100926 | BE3: =SUM(BE50:BE61) -> 5302232 | BF3: =SUM(BF50:BF61) -> 2574418 | BG3: =SUM(BG50:BG61) -> 2473390 | BH3: =SUM(BH50:BH61) -> 3576439 | BI3: =SUM(BI50:BI61) -> 3338475 | BJ3: =SUM(BJ50:BJ61) -> 20748413 | BK3: =SUM(BK50:BK61) -> 20758263 | BM3: =SUM(BM50:BM61) -> 782879 | BN3: =SUM(BN50:BN61) -> 1502872 | BO3: =SUM(BO50:BO61) -> 3410524 | BP3: =SUM(BP50:BP61) -> 1670443 | BQ3: =SUM(BQ50:BQ61) -> 1621384 | BR3: =SUM(BR50:BR61) -> 1960699 | BS3: =SUM(BS50:BS61) -> 2225417 | BT3: =SUM(BT50:BT61) -> 13174218 | BU3: =SUM(BU50:BU61) -> 13177283 | BW3: Jan - Dec '25 | BX3: =SUM(BX50:BX61) -> 89194 | BY3: =SUM(BY50:BY61) -> 182613 | BZ3: =SUM(BZ50:BZ61) -> 339902 | CA3: =SUM(CA50:CA61) -> 320129 | CB3: =SUM(CB50:CB61) -> 238169 | CC3: =SUM(CC50:CC61) -> 249571 | CD3: =SUM(CD50:CD61) -> 394247 | CE3: =SUM(CE50:CE61) -> 1813825 | CF3: =SUM(CF50:CF61) -> 1728761 | CH3: Jan - Dec '25 | CI3: =SUM(CI50:CI61) -> 42281 | CJ3: =SUM(CJ50:CJ61) -> 92549 | CK3: =SUM(CK50:CK61) -> 170076 | CL3: =SUM(CL50:CL61) -> 161651 | CM3: =SUM(CM50:CM61) -> 113588 | CN3: =SUM(CN50:CN61) -> 121094 | CO3: =SUM(CO50:CO61) -> 197822 | CP3: =SUM(CP50:CP61) -> 899061 | CQ3: =SUM(CQ50:CQ61) -> 768740 | CS3: Jan - Dec '25 | CT3: =SUM(CT50:CT61) -> 46913 | CU3: =SUM(CU50:CU61) -> 90064 | CV3: =SUM(CV50:CV61) -> 169826 | CW3: =SUM(CW50:CW61) -> 158478 | CX3: =SUM(CX50:CX61) -> 124581 | CY3: =SUM(CY50:CY61) -> 128477 | CZ3: =SUM(CZ50:CZ61) -> 196425 | DA3: =SUM(DA50:DA61) -> 914764 | DB3: =SUM(DB50:DB61) -> 960021 | DD3: Jan - Dec '25 | DE3: =SUM(DE50:DE61) -> 359856 | DF3: =SUM(DF50:DF61) -> 584457 | DG3: =SUM(DG50:DG61) -> 1103246 | DH3: =SUM(DH50:DH61) -> 1032905 | DI3: =SUM(DI50:DI61) -> 879558 | DJ3: =SUM(DJ50:DJ61) -> 844887 | DK3: =SUM(DK50:DK61) -> 1410224 | DL3: =SUM(DL50:DL61) -> 6215133 | DM3: =SUM(DM50:DM61) -> 6374314 | DO3: Jan - Dec '25 | DP3: =SUM(DP50:DP61) -> 0 | DQ3: =SUM(DQ50:DQ61) -> 0 | DR3: =SUM(DR50:DR61) -> 0 | DS3: =SUM(DS50:DS61) -> 0 | DT3: =SUM(DT50:DT61) -> 0 | DU3: =SUM(DU50:DU61) -> 0 | DV3: =SUM(DV50:DV61) -> 0 | DW3: =SUM(DW50:DW61) -> 0 | DY3: Jan - Dec '25 | DZ3: =SUM(DZ50:DZ61) -> 0 | EA3: =SUM(EA50:EA61) -> 0 | EB3: =SUM(EB50:EB61) -> 0 | EC3: =SUM(EC50:EC61) -> 0 | ED3: =SUM(ED50:ED61) -> 0 | EE3: =SUM(EE50:EE61) -> 0 | EF3: =SUM(EF50:EF61) -> 0 | EG3: =SUM(EG50:EG61) -> 0 | EI3: Jan - Dec '25 | EJ3: =SUM(EJ50:EJ61) -> 0 | EK3: =SUM(EK50:EK61) -> 0 | EL3: =SUM(EL50:EL61) -> 0 | EM3: =SUM(EM50:EM61) -> 0 | EN3: =SUM(EN50:EN61) -> 0 | EO3: =SUM(EO50:EO61) -> 0 | EP3: =SUM(EP50:EP61) -> 0 | EQ3: =SUM(EQ50:EQ61) -> 0 | ES3: Jan - Dec '25 | ET3: =SUM(ET50:ET61) -> 0 | EU3: =SUM(EU50:EU61) -> 0 | EV3: =SUM(EV50:EV61) -> 0 | EW3: =SUM(EW50:EW61) -> 0 | EX3: =SUM(EX50:EX61) -> 0 | EY3: =SUM(EY50:EY61) -> 0 | EZ3: =SUM(EZ50:EZ61) -> 0 | FA3: =SUM(FA50:FA61) -> 0 | FC3: Jan - Dec '25 | FD3: =SUM(FD50:FD61) -> 0 | FE3: =SUM(FE50:FE61) -> 0 | FF3: =SUM(FF50:FF61) -> 0 | FG3: =SUM(FG50:FG61) -> 0 | FH3: =SUM(FH50:FH61) -> 0 | FI3: =SUM(FI50:FI61) -> 0 | FJ3: =SUM(FJ50:FJ61) -> 0 | FK3: =SUM(FK50:FK61) -> 0
B4: 25 Sig Even Months | C4: =SUM(C52,C56,C57,C60:C61) -> 1954 | D4: =SUM(D52,D56,D57,D60:D61) -> 3078 | E4: =SUM(E52,E56,E57,E60:E61) -> 8917 | F4: =SUM(F52,F56,F57,F60:F61) -> 4222 | G4: =SUM(G52,G56,G57,G60:G61) -> 5422 | H4: =SUM(H52,H56,H57,H60:H61) -> 4368 | I4: =SUM(I52,I56,I57,I60:I61) -> 6790 | J4: =SUM(J52,J56,J57,J60:J61) -> 34917 | L4: 25 Sig Even Months | M4: =SUM(M52,M57,M60:M61) -> 1623 | N4: =SUM(N52,N57,N60:N61) -> 2493 | O4: =SUM(O52,O57,O60:O61) -> 7412 | P4: =SUM(P52,P57,P60:P61) -> 3412 | Q4: =SUM(Q52,Q57,Q60:Q61) -> 4488 | R4: =SUM(R52,R57,R60:R61) -> 3674 | S4: =SUM(S52,S57,S60:S61) -> 5585 | T4: =SUM(T52,T57,T60:T61) -> 28817 | V4: 25 Sig Even Months | W4: =SUM(W52,W57,W60:W61) -> 743117 | X4: =SUM(X52,X57,X60:X61) -> 1195036 | Y4: =SUM(Y52,Y57,Y60:Y61) -> 2294121 | Z4: =SUM(Z52,Z57,Z60:Z61) -> 2117717 | AA4: =SUM(AA52,AA57,AA60:AA61) -> 2034315 | AB4: =SUM(AB52,AB57,AB60:AB61) -> 1832174 | AC4: =SUM(AC52,AC57,AC60:AC61) -> 2537458 | AD4: =SUM(AD52,AD57,AD60:AD61) -> 13126705 | AF4: 25 Sig Even Months | AG4: =SUM(AG52,AG57,AG60:AG61) -> 591201 | AH4: =SUM(AH52,AH57,AH60:AH61) -> 931638 | AI4: =SUM(AI52,AI57,AI60:AI61) -> 1808606 | AJ4: =SUM(AJ52,AJ57,AJ60:AJ61) -> 1648861 | AK4: =SUM(AK52,AK57,AK60:AK61) -> 1618605 | AL4: =SUM(AL52,AL57,AL60:AL61) -> 1470063 | AM4: =SUM(AM52,AM57,AM60:AM61) -> 1991434 | AN4: =SUM(AN52,AN57,AN60:AN61) -> 10291299 | AP4: 25 Sig Even Months | AQ4: =SUM(AQ52,AQ57,AQ60:AQ61) -> 0 | AR4: =SUM(AR52,AR57,AR60:AR61) -> 0 | AS4: =SUM(AS52,AS57,AS60:AS61) -> 0 | AT4: =SUM(AT52,AT57,AT60:AT61) -> 0 | AU4: =SUM(AU52,AU57,AU60:AU61) -> 0 | AV4: =SUM(AV52,AV57,AV60:AV61) -> 0 | AW4: =SUM(AW52,AW57,AW60:AW61) -> 0 | AX4: =SUM(AX52,AX57,AX60:AX61) -> 0 | AZ4: 25 Sig Even Months | BA4: =SUM(BA52,BA56,BA57,BA60:BA61) -> 946497 | BC4: =SUM(BC52,BC56,BC57,BC60:BC61) -> 607242 | BD4: =SUM(BD52,BD56,BD57,BD60:BD61) -> 920836 | BE4: =SUM(BE52,BE56,BE57,BE60:BE61) -> 2361144 | BF4: =SUM(BF52,BF56,BF57,BF60:BF61) -> 1109115 | BG4: =SUM(BG52,BG56,BG57,BG60:BG61) -> 1071680 | BH4: =SUM(BH52,BH56,BH57,BH60:BH61) -> 1585955 | BI4: =SUM(BI52,BI56,BI57,BI60:BI61) -> 1418404 | BJ4: =SUM(BJ52,BJ56,BJ57,BJ60:BJ61) -> 9074376 | BK4: =SUM(BK52,BK56,BK57,BK60:BK61) -> 9082638 | BM4: =SUM(BM52,BM56,BM57,BM60:BM61) -> 339255 | BN4: =SUM(BN52,BN56,BN57,BN60:BN61) -> 653047 | BO4: =SUM(BO52,BO56,BO57,BO60:BO61) -> 1547497 | BP4: =SUM(BP52,BP56,BP57,BP60:BP61) -> 729763 | BQ4: =SUM(BQ52,BQ56,BQ57,BQ60:BQ61) -> 691721 | BR4: =SUM(BR52,BR56,BR57,BR60:BR61) -> 874382 | BS4: =SUM(BS52,BS56,BS57,BS60:BS61) -> 946814 | BT4: =SUM(BT52,BT56,BT57,BT60:BT61) -> 5782479 | BU4: =SUM(BU52,BU56,BU57,BU60:BU61) -> 5784968 | BW4: 25 Sig Even Months | BX4: =SUM(BX52,BX57,BX60:BX61) -> 32433 | BY4: =SUM(BY52,BY57,BY60:BY61) -> 62967 | BZ4: =SUM(BZ52,BZ57,BZ60:BZ61) -> 121423 | CA4: =SUM(CA52,CA57,CA60:CA61) -> 107647 | CB4: =SUM(CB52,CB57,CB60:CB61) -> 82990 | CC4: =SUM(CC52,CC57,CC60:CC61) -> 86052 | CD4: =SUM(CD52,CD57,CD60:CD61) -> 133470 | CE4: =SUM(CE52,CE57,CE60:CE61) -> 626982 | CF4: =SUM(CF52,CF57,CF60:CF61) -> 622333 | CH4: 25 Sig Even Months | CI4: =SUM(CI52,CI57,CI60:CI61) -> 14554 | CJ4: =SUM(CJ52,CJ57,CJ60:CJ61) -> 30387 | CK4: =SUM(CK52,CK57,CK60:CK61) -> 57719 | CL4: =SUM(CL52,CL57,CL60:CL61) -> 51260 | CM4: =SUM(CM52,CM57,CM60:CM61) -> 37094 | CN4: =SUM(CN52,CN57,CN60:CN61) -> 39100 | CO4: =SUM(CO52,CO57,CO60:CO61) -> 63190 | CP4: =SUM(CP52,CP57,CP60:CP61) -> 293304 | CQ4: =SUM(CQ52,CQ57,CQ60:CQ61) -> 267840 | CS4: 25 Sig Even Months | CT4: =SUM(CT52,CT57,CT60:CT61) -> 17879 | CU4: =SUM(CU52,CU57,CU60:CU61) -> 32580 | CV4: =SUM(CV52,CV57,CV60:CV61) -> 63704 | CW4: =SUM(CW52,CW57,CW60:CW61) -> 56387 | CX4: =SUM(CX52,CX57,CX60:CX61) -> 45896 | CY4: =SUM(CY52,CY57,CY60:CY61) -> 46952 | CZ4: =SUM(CZ52,CZ57,CZ60:CZ61) -> 70280 | DA4: =SUM(DA52,DA57,DA60:DA61) -> 333678 | DB4: =SUM(DB52,DB57,DB60:DB61) -> 354493 | DD4: 25 Sig Even Months | DE4: =SUM(DE52,DE57,DE60:DE61) -> 139243 | DF4: =SUM(DF52,DF57,DF60:DF61) -> 220667 | DG4: =SUM(DG52,DG57,DG60:DG61) -> 430789 | DH4: =SUM(DH52,DH57,DH60:DH61) -> 385348 | DI4: =SUM(DI52,DI57,DI60:DI61) -> 332040 | DJ4: =SUM(DJ52,DJ57,DJ60:DJ61) -> 323709 | DK4: =SUM(DK52,DK57,DK60:DK61) -> 511648 | DL4: =SUM(DL52,DL57,DL60:DL61) -> 2343444 | DM4: =SUM(DM52,DM57,DM60:DM61) -> 2395842 | DO4: 25 Sig Even Months | DP4: =SUM(DP52,DP57,DP60:DP61) -> 0 | DQ4: =SUM(DQ52,DQ57,DQ60:DQ61) -> 0 | DR4: =SUM(DR52,DR57,DR60:DR61) -> 0 | DS4: =SUM(DS52,DS57,DS60:DS61) -> 0 | DT4: =SUM(DT52,DT57,DT60:DT61) -> 0 | DU4: =SUM(DU52,DU57,DU60:DU61) -> 0 | DV4: =SUM(DV52,DV57,DV60:DV61) -> 0 | DW4: =SUM(DW52,DW57,DW60:DW61) -> 0 | DY4: 25 Sig Even Months | DZ4: =SUM(DZ52,DZ57,DZ60:DZ61) -> 0 | EA4: =SUM(EA52,EA57,EA60:EA61) -> 0 | EB4: =SUM(EB52,EB57,EB60:EB61) -> 0 | EC4: =SUM(EC52,EC57,EC60:EC61) -> 0 | ED4: =SUM(ED52,ED57,ED60:ED61) -> 0 | EE4: =SUM(EE52,EE57,EE60:EE61) -> 0 | EF4: =SUM(EF52,EF57,EF60:EF61) -> 0 | EG4: =SUM(EG52,EG57,EG60:EG61) -> 0 | EI4: 25 Sig Even Months | EJ4: =SUM(EJ52,EJ57,EJ60:EJ61) -> 0 | EK4: =SUM(EK52,EK57,EK60:EK61) -> 0 | EL4: =SUM(EL52,EL57,EL60:EL61) -> 0 | EM4: =SUM(EM52,EM57,EM60:EM61) -> 0 | EN4: =SUM(EN52,EN57,EN60:EN61) -> 0 | EO4: =SUM(EO52,EO57,EO60:EO61) -> 0 | EP4: =SUM(EP52,EP57,EP60:EP61) -> 0 | EQ4: =SUM(EQ52,EQ57,EQ60:EQ61) -> 0 | ES4: 25 Sig Even Months | ET4: =SUM(ET52,ET57,ET60:ET61) -> 0 | EU4: =SUM(EU52,EU57,EU60:EU61) -> 0 | EV4: =SUM(EV52,EV57,EV60:EV61) -> 0 | EW4: =SUM(EW52,EW57,EW60:EW61) -> 0 | EX4: =SUM(EX52,EX57,EX60:EX61) -> 0 | EY4: =SUM(EY52,EY57,EY60:EY61) -> 0 | EZ4: =SUM(EZ52,EZ57,EZ60:EZ61) -> 0 | FA4: =SUM(FA52,FA57,FA60:FA61) -> 0 | FC4: 25 Sig Even Months | FD4: =SUM(FD52,FD57,FD60:FD61) -> 0 | FE4: =SUM(FE52,FE57,FE60:FE61) -> 0 | FF4: =SUM(FF52,FF57,FF60:FF61) -> 0 | FG4: =SUM(FG52,FG57,FG60:FG61) -> 0 | FH4: =SUM(FH52,FH57,FH60:FH61) -> 0 | FI4: =SUM(FI52,FI57,FI60:FI61) -> 0 | FJ4: =SUM(FJ52,FJ57,FJ60:FJ61) -> 0 | FK4: =SUM(FK52,FK57,FK60:FK61) -> 0
B5: 25 Non-Sig Even Months | C5: =SUM(C50,C51,C53,C54,C55,C58,C59) -> 2376 | D5: =SUM(D50,D51,D53,D54,D55,D58,D59) -> 3461 | E5: =SUM(E50,E51,E53,E54,E55,E58,E59) -> 9811 | F5: =SUM(F50,F51,F53,F54,F55,F58,F59) -> 4995 | G5: =SUM(G50,G51,G53,G54,G55,G58,G59) -> 5914 | H5: =SUM(H50,H51,H53,H54,H55,H58,H59) -> 4809 | I5: =SUM(I50,I51,I53,I54,I55,I58,I59) -> 7381 | J5: =SUM(J50,J51,J53,J54,J55,J58,J59) -> 39167 | L5: 25 Non-Sig Even Months | M5: =SUM(M50,M51,M53,M54,M55,M56,M58,M59) -> 2707 | N5: =SUM(N50,N51,N53,N54,N55,N56,N58,N59) -> 4046 | O5: =SUM(O50,O51,O53,O54,O55,O56,O58,O59) -> 11316 | P5: =SUM(P50,P51,P53,P54,P55,P56,P58,P59) -> 5805 | Q5: =SUM(Q50,Q51,Q53,Q54,Q55,Q56,Q58,Q59) -> 6848 | R5: =SUM(R50,R51,R53,R54,R55,R56,R58,R59) -> 5503 | S5: =SUM(S50,S51,S53,S54,S55,S56,S58,S59) -> 8586 | T5: =SUM(T50,T51,T53,T54,T55,T56,T58,T59) -> 45267 | V5: 25 Non-Sig Even Months | W5: =SUM(W50,W51,W53,W54,W55,W56,W58,W59) -> 1292763 | X5: =SUM(X50,X51,X53,X54,X55,X56,X58,X59) -> 2156226 | Y5: =SUM(Y50,Y51,Y53,Y54,Y55,Y56,Y58,Y59) -> 4010240 | Z5: =SUM(Z50,Z51,Z53,Z54,Z55,Z56,Z58,Z59) -> 3934524 | AA5: =SUM(AA50,AA51,AA53,AA54,AA55,AA56,AA58,AA59) -> 3468806 | AB5: =SUM(AB50,AB51,AB53,AB54,AB55,AB56,AB58,AB59) -> 3276937 | AC5: =SUM(AC50,AC51,AC53,AC54,AC55,AC56,AC58,AC59) -> 4672138 | AD5: =SUM(AD50,AD51,AD53,AD54,AD55,AD56,AD58,AD59) -> 23579958 | AF5: 25 Non-Sig Even Months | AG5: =SUM(AG50,AG51,AG53,AG54,AG55,AG56,AG58,AG59) -> 1000866 | AH5: =SUM(AH50,AH51,AH53,AH54,AH55,AH56,AH58,AH59) -> 1619270 | AI5: =SUM(AI50,AI51,AI53,AI54,AI55,AI56,AI58,AI59) -> 3040644 | AJ5: =SUM(AJ50,AJ51,AJ53,AJ54,AJ55,AJ56,AJ58,AJ59) -> 2949632 | AK5: =SUM(AK50,AK51,AK53,AK54,AK55,AK56,AK58,AK59) -> 2728596 | AL5: =SUM(AL50,AL51,AL53,AL54,AL55,AL56,AL58,AL59) -> 2499061 | AM5: =SUM(AM50,AM51,AM53,AM54,AM55,AM56,AM58,AM59) -> 3577380 | AN5: =SUM(AN50,AN51,AN53,AN54,AN55,AN56,AN58,AN59) -> 17916133 | AP5: 25 Non-Sig Even Months | AQ5: =SUM(AQ50,AQ51,AQ53,AQ54,AQ55,AQ56,AQ58,AQ59) -> 0 | AR5: =SUM(AR50,AR51,AR53,AR54,AR55,AR56,AR58,AR59) -> 0 | AS5: =SUM(AS50,AS51,AS53,AS54,AS55,AS56,AS58,AS59) -> 0 | AT5: =SUM(AT50,AT51,AT53,AT54,AT55,AT56,AT58,AT59) -> 0 | AU5: =SUM(AU50,AU51,AU53,AU54,AU55,AU56,AU58,AU59) -> 0 | AV5: =SUM(AV50,AV51,AV53,AV54,AV55,AV56,AV58,AV59) -> 0 | AW5: =SUM(AW50,AW51,AW53,AW54,AW55,AW56,AW58,AW59) -> 0 | AX5: =SUM(AX50,AX51,AX53,AX54,AX55,AX56,AX58,AX59) -> 0 | AZ5: 25 Non-Sig Even Months | BA5: =SUM(BA50,BA51,BA53,BA54,BA55,BA58,BA59) -> 1218915 | BC5: =SUM(BC50,BC51,BC53,BC54,BC55,BC58,BC59) -> 775291 | BD5: =SUM(BD50,BD51,BD53,BD54,BD55,BD58,BD59) -> 1180090 | BE5: =SUM(BE50,BE51,BE53,BE54,BE55,BE58,BE59) -> 2941088 | BF5: =SUM(BF50,BF51,BF53,BF54,BF55,BF58,BF59) -> 1465303 | BG5: =SUM(BG50,BG51,BG53,BG54,BG55,BG58,BG59) -> 1401710 | BH5: =SUM(BH50,BH51,BH53,BH54,BH55,BH58,BH59) -> 1990484 | BI5: =SUM(BI50,BI51,BI53,BI54,BI55,BI58,BI59) -> 1920071 | BJ5: =SUM(BJ50,BJ51,BJ53,BJ54,BJ55,BJ58,BJ59) -> 11674037 | BK5: =SUM(BK50,BK51,BK53,BK54,BK55,BK58,BK59) -> 11675625 | BM5: =SUM(BM50,BM51,BM53,BM54,BM55,BM58,BM59) -> 443624 | BN5: =SUM(BN50,BN51,BN53,BN54,BN55,BN58,BN59) -> 849825 | BO5: =SUM(BO50,BO51,BO53,BO54,BO55,BO58,BO59) -> 1863027 | BP5: =SUM(BP50,BP51,BP53,BP54,BP55,BP58,BP59) -> 940680 | BQ5: =SUM(BQ50,BQ51,BQ53,BQ54,BQ55,BQ58,BQ59) -> 929663 | BR5: =SUM(BR50,BR51,BR53,BR54,BR55,BR58,BR59) -> 1086317 | BS5: =SUM(BS50,BS51,BS53,BS54,BS55,BS58,BS59) -> 1278603 | BT5: =SUM(BT50,BT51,BT53,BT54,BT55,BT58,BT59) -> 7391739 | BU5: =SUM(BU50,BU51,BU53,BU54,BU55,BU58,BU59) -> 7392315 | BW5: 25 Non-Sig Even Months | BX5: =SUM(BX50,BX51,BX53,BX54,BX55,BX56,BX58,BX59) -> 56761 | BY5: =SUM(BY50,BY51,BY53,BY54,BY55,BY56,BY58,BY59) -> 119646 | BZ5: =SUM(BZ50,BZ51,BZ53,BZ54,BZ55,BZ56,BZ58,BZ59) -> 218479 | CA5: =SUM(CA50,CA51,CA53,CA54,CA55,CA56,CA58,CA59) -> 212482 | CB5: =SUM(CB50,CB51,CB53,CB54,CB55,CB56,CB58,CB59) -> 155179 | CC5: =SUM(CC50,CC51,CC53,CC54,CC55,CC56,CC58,CC59) -> 163519 | CD5: =SUM(CD50,CD51,CD53,CD54,CD55,CD56,CD58,CD59) -> 260777 | CE5: =SUM(CE50,CE51,CE53,CE54,CE55,CE56,CE58,CE59) -> 1186843 | CF5: =SUM(CF50,CF51,CF53,CF54,CF55,CF56,CF58,CF59) -> 1106428 | CH5: 25 Non-Sig Even Months | CI5: =SUM(CI50,CI51,CI53,CI54,CI55,CI56,CI58,CI59) -> 27727 | CJ5: =SUM(CJ50,CJ51,CJ53,CJ54,CJ55,CJ56,CJ58,CJ59) -> 62162 | CK5: =SUM(CK50,CK51,CK53,CK54,CK55,CK56,CK58,CK59) -> 112357 | CL5: =SUM(CL50,CL51,CL53,CL54,CL55,CL56,CL58,CL59) -> 110391 | CM5: =SUM(CM50,CM51,CM53,CM54,CM55,CM56,CM58,CM59) -> 76494 | CN5: =SUM(CN50,CN51,CN53,CN54,CN55,CN56,CN58,CN59) -> 81994 | CO5: =SUM(CO50,CO51,CO53,CO54,CO55,CO56,CO58,CO59) -> 134632 | CP5: =SUM(CP50,CP51,CP53,CP54,CP55,CP56,CP58,CP59) -> 605757 | CQ5: =SUM(CQ50,CQ51,CQ53,CQ54,CQ55,CQ56,CQ58,CQ59) -> 500900 | CS5: 25 Non-Sig Even Months | CT5: =SUM(CT50,CT51,CT53,CT54,CT55,CT56,CT58,CT59) -> 29034 | CU5: =SUM(CU50,CU51,CU53,CU54,CU55,CU56,CU58,CU59) -> 57484 | CV5: =SUM(CV50,CV51,CV53,CV54,CV55,CV56,CV58,CV59) -> 106122 | CW5: =SUM(CW50,CW51,CW53,CW54,CW55,CW56,CW58,CW59) -> 102091 | CX5: =SUM(CX50,CX51,CX53,CX54,CX55,CX56,CX58,CX59) -> 78685 | CY5: =SUM(CY50,CY51,CY53,CY54,CY55,CY56,CY58,CY59) -> 81525 | CZ5: =SUM(CZ50,CZ51,CZ53,CZ54,CZ55,CZ56,CZ58,CZ59) -> 126145 | DA5: =SUM(DA50,DA51,DA53,DA54,DA55,DA56,DA58,DA59) -> 581086 | DB5: =SUM(DB50,DB51,DB53,DB54,DB55,DB56,DB58,DB59) -> 605528 | DD5: 25 Non-Sig Even Months | DE5: =SUM(DE50,DE51,DE53,DE54,DE55,DE56,DE58,DE59) -> 220613 | DF5: =SUM(DF50,DF51,DF53,DF54,DF55,DF56,DF58,DF59) -> 363790 | DG5: =SUM(DG50,DG51,DG53,DG54,DG55,DG56,DG58,DG59) -> 672457 | DH5: =SUM(DH50,DH51,DH53,DH54,DH55,DH56,DH58,DH59) -> 647557 | DI5: =SUM(DI50,DI51,DI53,DI54,DI55,DI56,DI58,DI59) -> 547518 | DJ5: =SUM(DJ50,DJ51,DJ53,DJ54,DJ55,DJ56,DJ58,DJ59) -> 521178 | DK5: =SUM(DK50,DK51,DK53,DK54,DK55,DK56,DK58,DK59) -> 898576 | DL5: =SUM(DL50,DL51,DL53,DL54,DL55,DL56,DL58,DL59) -> 3871689 | DM5: =SUM(DM50,DM51,DM53,DM54,DM55,DM56,DM58,DM59) -> 3978472 | DO5: 25 Non-Sig Even Months | DP5: =SUM(DP50,DP51,DP53,DP54,DP55,DP56,DP58,DP59) -> 0 | DQ5: =SUM(DQ50,DQ51,DQ53,DQ54,DQ55,DQ56,DQ58,DQ59) -> 0 | DR5: =SUM(DR50,DR51,DR53,DR54,DR55,DR56,DR58,DR59) -> 0 | DS5: =SUM(DS50,DS51,DS53,DS54,DS55,DS56,DS58,DS59) -> 0 | DT5: =SUM(DT50,DT51,DT53,DT54,DT55,DT56,DT58,DT59) -> 0 | DU5: =SUM(DU50,DU51,DU53,DU54,DU55,DU56,DU58,DU59) -> 0 | DV5: =SUM(DV50,DV51,DV53,DV54,DV55,DV56,DV58,DV59) -> 0 | DW5: =SUM(DW50,DW51,DW53,DW54,DW55,DW56,DW58,DW59) -> 0 | DY5: 25 Non-Sig Even Months | DZ5: =SUM(DZ50,DZ51,DZ53,DZ54,DZ55,DZ56,DZ58,DZ59) -> 0 | EA5: =SUM(EA50,EA51,EA53,EA54,EA55,EA56,EA58,EA59) -> 0 | EB5: =SUM(EB50,EB51,EB53,EB54,EB55,EB56,EB58,EB59) -> 0 | EC5: =SUM(EC50,EC51,EC53,EC54,EC55,EC56,EC58,EC59) -> 0 | ED5: =SUM(ED50,ED51,ED53,ED54,ED55,ED56,ED58,ED59) -> 0 | EE5: =SUM(EE50,EE51,EE53,EE54,EE55,EE56,EE58,EE59) -> 0 | EF5: =SUM(EF50,EF51,EF53,EF54,EF55,EF56,EF58,EF59) -> 0 | EG5: =SUM(EG50,EG51,EG53,EG54,EG55,EG56,EG58,EG59) -> 0 | EI5: 25 Non-Sig Even Months | EJ5: =SUM(EJ50,EJ51,EJ53,EJ54,EJ55,EJ56,EJ58,EJ59) -> 0 | EK5: =SUM(EK50,EK51,EK53,EK54,EK55,EK56,EK58,EK59) -> 0 | EL5: =SUM(EL50,EL51,EL53,EL54,EL55,EL56,EL58,EL59) -> 0 | EM5: =SUM(EM50,EM51,EM53,EM54,EM55,EM56,EM58,EM59) -> 0 | EN5: =SUM(EN50,EN51,EN53,EN54,EN55,EN56,EN58,EN59) -> 0 | EO5: =SUM(EO50,EO51,EO53,EO54,EO55,EO56,EO58,EO59) -> 0 | EP5: =SUM(EP50,EP51,EP53,EP54,EP55,EP56,EP58,EP59) -> 0 | EQ5: =SUM(EQ50,EQ51,EQ53,EQ54,EQ55,EQ56,EQ58,EQ59) -> 0 | ES5: 25 Non-Sig Even Months | ET5: =SUM(ET50,ET51,ET53,ET54,ET55,ET56,ET58,ET59) -> 0 | EU5: =SUM(EU50,EU51,EU53,EU54,EU55,EU56,EU58,EU59) -> 0 | EV5: =SUM(EV50,EV51,EV53,EV54,EV55,EV56,EV58,EV59) -> 0 | EW5: =SUM(EW50,EW51,EW53,EW54,EW55,EW56,EW58,EW59) -> 0 | EX5: =SUM(EX50,EX51,EX53,EX54,EX55,EX56,EX58,EX59) -> 0 | EY5: =SUM(EY50,EY51,EY53,EY54,EY55,EY56,EY58,EY59) -> 0 | EZ5: =SUM(EZ50,EZ51,EZ53,EZ54,EZ55,EZ56,EZ58,EZ59) -> 0 | FA5: =SUM(FA50,FA51,FA53,FA54,FA55,FA56,FA58,FA59) -> 0 | FC5: 25 Non-Sig Even Months | FD5: =SUM(FD50,FD51,FD53,FD54,FD55,FD56,FD58,FD59) -> 0 | FE5: =SUM(FE50,FE51,FE53,FE54,FE55,FE56,FE58,FE59) -> 0 | FF5: =SUM(FF50,FF51,FF53,FF54,FF55,FF56,FF58,FF59) -> 0 | FG5: =SUM(FG50,FG51,FG53,FG54,FG55,FG56,FG58,FG59) -> 0 | FH5: =SUM(FH50,FH51,FH53,FH54,FH55,FH56,FH58,FH59) -> 0 | FI5: =SUM(FI50,FI51,FI53,FI54,FI55,FI56,FI58,FI59) -> 0 | FJ5: =SUM(FJ50,FJ51,FJ53,FJ54,FJ55,FJ56,FJ58,FJ59) -> 0 | FK5: =SUM(FK50,FK51,FK53,FK54,FK55,FK56,FK58,FK59) -> 0
B6: Rates: | L6: Rates: | V6: Rates: | AF6: Rates: | AP6: Rates: | AZ6: Rates: | BC6: Action - Sales Rates | BM6: Action - Sales Rates | BW6: Action - Sales Rates | CH6: Action - Sales Rates | CS6: Action - Sales Rates | DD6: Action - Sales Rates | DO6: Rates: | DY6: Rates: | EI6: Rates: | ES6: Rates: | FC6: Rates:
B7: 25 Sig Even Months | L7: 25 Sig Even Months | V7: 25 Sig Even Months | AF7: 25 Sig Even Months | AP7: 25 Sig Even Months | AZ7: 25 Sig Even Months | BC7: =C4/BC4 -> 0.0032178275 | BD7: =D4/BD4 -> 0.0033426148 | BE7: =E4/BE4 -> 0.0037765592 | BF7: =F4/BF4 -> 0.0038066386 | BG7: =G4/BG4 -> 0.0050593461 | BH7: =H4/BH4 -> 0.0027541765 | BI7: =I4/BI4 -> 0.0047870705 | BJ7: =J4/BJ4 -> 0.0038478679 | BK7: =J4/BK4 -> 0.0038443677 | BM7: =C4/BM4 -> 0.0057596793 | BN7: =D4/BN4 -> 0.0047132902 | BO7: =E4/BO4 -> 0.0057622083 | BP7: =F4/BP4 -> 0.0057854399 | BQ7: =G4/BQ4 -> 0.0078384204 | BR7: =H4/BR4 -> 0.0049955283 | BS7: =I4/BS4 -> 0.0071714191 | BT7: =J4/BT4 -> 0.0060384136 | BU7: =J4/BU4 -> 0.0060358156 | BW7: 25 Sig Even Months | BX7: =M4/BX4 -> 0.050041624 | BY7: =N4/BY4 -> 0.039592167 | BZ7: =O4/BZ4 -> 0.061042801 | CA7: =P4/CA4 -> 0.031696192 | CB7: =Q4/CB4 -> 0.054078805 | CC7: =R4/CC4 -> 0.042695115 | CD7: =S4/CD4 -> 0.041844609 | CE7: =T4/CE4 -> 0.045961447 | CF7: =T4/CF4 -> 0.046304792 | CH7: 25 Sig Even Months | CI7: =M4/CI4 -> 0.11151573 | CJ7: =N4/CJ4 -> 0.082041663 | CK7: =O4/CK4 -> 0.12841525 | CL7: =P4/CL4 -> 0.066562622 | CM7: =Q4/CM4 -> 0.12098992 | CN7: =R4/CN4 -> 0.093964194 | CO7: =S4/CO4 -> 0.088384238 | CP7: =T4/CP4 -> 0.098249598 | CQ7: =T4/CQ4 -> 0.10759035 | CS7: 25 Sig Even Months | CT7: =M4/CT4 -> 0.090776889 | CU7: =N4/CU4 -> 0.076519337 | CV7: =O4/CV4 -> 0.11635062 | CW7: =P4/CW4 -> 0.060510401 | CX7: =Q4/CX4 -> 0.097786299 | CY7: =R4/CY4 -> 0.078250128 | CZ7: =S4/CZ4 -> 0.079467843 | DA7: =T4/DA4 -> 0.086361702 | DB7: =T4/DB4 -> 0.081290745 | DD7: 25 Sig Even Months | DE7: =M4/DE4 -> 0.011655882 | DF7: =N4/DF4 -> 0.011297566 | DG7: =O4/DG4 -> 0.017205639 | DH7: =P4/DH4 -> 0.0088543343 | DI7: =Q4/DI4 -> 0.013516444 | DJ7: =R4/DJ4 -> 0.0113497 | DK7: =S4/DK4 -> 0.010915708 | DL7: =T4/DL4 -> 0.012296859 | DM7: =T4/DM4 -> 0.012027922 | DO7: 25 Sig Even Months | DY7: 25 Sig Even Months | EI7: 25 Sig Even Months | ES7: 25 Sig Even Months | FC7: 25 Sig Even Months
B8: 25 Non-Sig Even Months | L8: 25 Non-Sig Even Months | V8: 25 Non-Sig Even Months | AF8: 25 Non-Sig Even Months | AP8: 25 Non-Sig Even Months | AZ8: 25 Non-Sig Even Months | BC8: =C5/BC5 -> 0.0030646557 | BD8: =D5/BD5 -> 0.0029328272 | BE8: =E5/BE5 -> 0.0033358403 | BF8: =F5/BF5 -> 0.0034088513 | BG8: =G5/BG5 -> 0.0042191323 | BH8: =H5/BH5 -> 0.0024159953 | BI8: =I5/BI5 -> 0.0038441287 | BJ8: =J5/BJ5 -> 0.0033550519 | BK8: =J5/BK5 -> 0.0033545956 | BM8: =C5/BM5 -> 0.005355887 | BN8: =D5/BN5 -> 0.0040726032 | BO8: =E5/BO5 -> 0.0052661609 | BP8: =F5/BP5 -> 0.0053099885 | BQ8: =G5/BQ5 -> 0.006361445 | BR8: =H5/BR5 -> 0.0044268846 | BS8: =I5/BS5 -> 0.0057727066 | BT8: =J5/BT5 -> 0.0052987531 | BU8: =J5/BU5 -> 0.0052983402 | BW8: 25 Non-Sig Even Months | BX8: =M5/BX5 -> 0.047691196 | BY8: =N5/BY5 -> 0.033816425 | BZ8: =O5/BZ5 -> 0.051794452 | CA8: =P5/CA5 -> 0.027319961 | CB8: =Q5/CB5 -> 0.044129682 | CC8: =R5/CC5 -> 0.033653582 | CD8: =S5/CD5 -> 0.032924683 | CE8: =T5/CE5 -> 0.038140681 | CF8: =T5/CF5 -> 0.040912739 | CH8: 25 Non-Sig Even Months | CI8: =M5/CI5 -> 0.097630468 | CJ8: =N5/CJ5 -> 0.065087996 | CK8: =O5/CK5 -> 0.10071469 | CL8: =P5/CL5 -> 0.052585809 | CM8: =Q5/CM5 -> 0.089523361 | CN8: =R5/CN5 -> 0.067114667 | CO8: =S5/CO5 -> 0.063773843 | CP8: =T5/CP5 -> 0.074727985 | CQ8: =T5/CQ5 -> 0.090371332 | CS8: 25 Non-Sig Even Months | CT8: =M5/CT5 -> 0.093235517 | CU8: =N5/CU5 -> 0.070384803 | CV8: =O5/CV5 -> 0.10663199 | CW8: =P5/CW5 -> 0.056861036 | CX8: =Q5/CX5 -> 0.087030565 | CY8: =R5/CY5 -> 0.067500767 | CZ8: =S5/CZ5 -> 0.068064529 | DA8: =T5/DA5 -> 0.077900689 | DB8: =T5/DB5 -> 0.074756246 | DD8: 25 Non-Sig Even Months | DE8: =M5/DE5 -> 0.012270356 | DF8: =N5/DF5 -> 0.011121801 | DG8: =O5/DG5 -> 0.016827842 | DH8: =P5/DH5 -> 0.0089644618 | DI8: =Q5/DI5 -> 0.012507351 | DJ8: =R5/DJ5 -> 0.010558773 | DK8: =S5/DK5 -> 0.0095551183 | DL8: =T5/DL5 -> 0.011691797 | DM8: =T5/DM5 -> 0.011377986 | DO8: 25 Non-Sig Even Months | DY8: 25 Non-Sig Even Months | EI8: 25 Non-Sig Even Months | ES8: 25 Non-Sig Even Months | FC8: 25 Non-Sig Even Months
B9: % of total FY: | C9: =C3/$J3 -> 0.058447168 | D9: =D3/$J3 -> 0.088264673 | E9: =E3/$J3 -> 0.25279413 | F9: =F3/$J3 -> 0.12441283 | G9: =G3/$J3 -> 0.1530155 | H9: =H3/$J3 -> 0.1238729 | I9: =I3/$J3 -> 0.19128287 | J9: =J3/$J3 -> 1 | L9: % of total FY: | M9: =M3/T3 -> 0.058447168 | N9: =N3/T3 -> 0.088264673 | O9: =O3/T3 -> 0.25279413 | P9: =P3/T3 -> 0.12441283 | Q9: =Q3/T3 -> 0.1530155 | R9: =R3/T3 -> 0.1238729 | S9: =S3/T3 -> 0.19128287 | T9: =T3/T3 -> 1 | V9: % of total FY: | W9: =W3/AD3 -> 0.0554635 | X9: =X3/AD3 -> 0.091298465 | Y9: =Y3/AD3 -> 0.17174977 | Z9: =Z3/AD3 -> 0.16488126 | AA9: =AA3/AD3 -> 0.14992158 | AB9: =AB3/AD3 -> 0.13918756 | AC9: =AC3/AD3 -> 0.1964111 | AD9: =AD3/AD3 -> 1 | AF9: % of total FY: | AG9: =AG3/AN3 -> 0.056441402 | AH9: =AH3/AN3 -> 0.090433897 | AI9: =AI3/AN3 -> 0.17191391 | AJ9: =AJ3/AN3 -> 0.16302416 | AK9: =AK3/AN3 -> 0.15411545 | AL9: =AL3/AN3 -> 0.14071199 | AM9: =AM3/AN3 -> 0.19742364 | AN9: =AN3/AN3 -> 1 | AP9: % of total FY: | AQ9: =AQ3/AX3 -> #DIV/0! | AR9: =AR3/AX3 -> #DIV/0! | AS9: =AS3/AX3 -> #DIV/0! | AT9: =AT3/AX3 -> #DIV/0! | AU9: =AU3/AX3 -> #DIV/0! | AV9: =AV3/AX3 -> #DIV/0! | AW9: =AW3/AX3 -> #DIV/0! | AX9: =AX3/AX3 -> #DIV/0! | AZ9: % of total FY: | BC9: =BC3/BJ3 -> 0.066633193 | BD9: =BD3/BJ3 -> 0.10125719 | BE9: =BE3/BJ3 -> 0.2555488 | BF9: =BF3/BJ3 -> 0.12407783 | BG9: =BG3/BJ3 -> 0.11920864 | BH9: =BH3/BJ3 -> 0.17237169 | BI9: =BI3/BJ3 -> 0.16090267 | BJ9: =BJ3/BJ3 -> 1 | BK9: =BK3/BK3 -> 1 | BM9: =BM3/BT3 -> 0.059425083 | BN9: =BN3/BT3 -> 0.11407675 | BO9: =BO3/BT3 -> 0.25887867 | BP9: =BP3/BT3 -> 0.12679637 | BQ9: =BQ3/BT3 -> 0.1230725 | BR9: =BR3/BT3 -> 0.14882849 | BS9: =BS3/BT3 -> 0.16892213 | BT9: =BT3/BT3 -> 1 | BU9: =BU3/BU3 -> 1 | BW9: % of total FY: | BX9: =BX3/CE3 -> 0.049174534 | BY9: =BY3/CE3 -> 0.1006784 | BZ9: =BZ3/CE3 -> 0.18739515 | CA9: =CA3/CE3 -> 0.17649387 | CB9: =CB3/CE3 -> 0.1313076 | CC9: =CC3/CE3 -> 0.13759376 | CD9: =CD3/CE3 -> 0.21735669 | CE9: =CE3/CE3 -> 1 | CF9: =CF3/CF3 -> 1 | CH9: % of total FY: | CI9: =CI3/CP3 -> 0.047027955 | CJ9: =CJ3/CP3 -> 0.10293962 | CK9: =CK3/CP3 -> 0.1891707 | CL9: =CL3/CP3 -> 0.17979981 | CM9: =CM3/CP3 -> 0.1263407 | CN9: =CN3/CP3 -> 0.13468941 | CO9: =CO3/CP3 -> 0.22003179 | CP9: =CP3/CP3 -> 1 | CQ9: =CQ3/CQ3 -> 1 | CS9: % of total FY: | CT9: =CT3/DA3 -> 0.051284266 | CU9: =CU3/DA3 -> 0.098455995 | CV9: =CV3/DA3 -> 0.18565007 | CW9: =CW3/DA3 -> 0.17324468 | CX9: =CX3/DA3 -> 0.13618922 | CY9: =CY3/DA3 -> 0.14044825 | CZ9: =CZ3/DA3 -> 0.21472751 | DA9: =DA3/DA3 -> 1 | DB9: =DB3/DB3 -> 1 | DD9: % of total FY '25: | DE9: =DE3/DL3 -> 0.057899968 | DF9: =DF3/DL3 -> 0.09403773 | DG9: =DG3/DL3 -> 0.17750964 | DH9: =DH3/DL3 -> 0.16619194 | DI9: =DI3/DL3 -> 0.14151877 | DJ9: =DJ3/DL3 -> 0.13594029 | DK9: =DK3/DL3 -> 0.22690166 | DL9: =DL3/DL3 -> 1 | DM9: =DM3/DM3 -> 1 | DO9: % of total FY: | DP9: =DP3/DW3 -> #DIV/0! | DQ9: =DQ3/DW3 -> #DIV/0! | DR9: =DR3/DW3 -> #DIV/0! | DS9: =DS3/DW3 -> #DIV/0! | DT9: =DT3/DW3 -> #DIV/0! | DU9: =DU3/DW3 -> #DIV/0! | DV9: =DV3/DW3 -> #DIV/0! | DW9: =DW3/DW3 -> #DIV/0! | DY9: % of total FY: | DZ9: =DZ3/EG3 -> #DIV/0! | EA9: =EA3/EG3 -> #DIV/0! | EB9: =EB3/EG3 -> #DIV/0! | EC9: =EC3/EG3 -> #DIV/0! | ED9: =ED3/EG3 -> #DIV/0! | EE9: =EE3/EG3 -> #DIV/0! | EF9: =EF3/EG3 -> #DIV/0! | EG9: =EG3/EG3 -> #DIV/0! | EI9: % of total FY: | EJ9: =EJ3/EQ3 -> #DIV/0! | EK9: =EK3/EQ3 -> #DIV/0! | EL9: =EL3/EQ3 -> #DIV/0! | EM9: =EM3/EQ3 -> #DIV/0! | EN9: =EN3/EQ3 -> #DIV/0! | EO9: =EO3/EQ3 -> #DIV/0! | EP9: =EP3/EQ3 -> #DIV/0! | EQ9: =EQ3/EQ3 -> #DIV/0! | ES9: % of total FY: | ET9: =ET3/FA3 -> #DIV/0! | EU9: =EU3/FA3 -> #DIV/0! | EV9: =EV3/FA3 -> #DIV/0! | EW9: =EW3/FA3 -> #DIV/0! | EX9: =EX3/FA3 -> #DIV/0! | EY9: =EY3/FA3 -> #DIV/0! | EZ9: =EZ3/FA3 -> #DIV/0! | FA9: =FA3/FA3 -> #DIV/0! | FC9: % of total FY: | FD9: =FD3/FK3 -> #DIV/0! | FE9: =FE3/FK3 -> #DIV/0! | FF9: =FF3/FK3 -> #DIV/0! | FG9: =FG3/FK3 -> #DIV/0! | FH9: =FH3/FK3 -> #DIV/0! | FI9: =FI3/FK3 -> #DIV/0! | FJ9: =FJ3/FK3 -> #DIV/0! | FK9: =FK3/FK3 -> #DIV/0!
B12: Sales (T3 Timeframes) | L12: Sales (T1 Timeframes) | V12: T1 Site Visits | AF12: VLPs | AP12: VLPs | In-Market Only | AZ12: T3 SV + VDPs | BC12: T3 Sales Visits | BM12: T3 VDPs | BW12: 2026 T1 HVAs |Total | CH12: 2026 HVAs |T1 to T3 Referrals | CS12: 2026 HVAs |VDP Visits | DD12: 2026 MVAs | (total 7x actions) | DO12: 2026 MVAs | (In-Market Only) | DY12: Leads | EI12: Endemic VDPs | ES12: Total Shop Goals | Total = T3 Referrals + T1 VDPs + Sales Visits | Models = T3 Referrals + T1 VDPs + T3 VDPs | FC12: Total Research Goals | T1 MVAs + Endemic VDPs
C13: Mountain Region | D13: Mid Atlantic Region | E13: South Region | F13: Central Region | G13: West Region | H13: South Central Region | I13: East Region | J13: Total | M13: Mountain Region | N13: Mid Atlantic Region | O13: South Region | P13: Central Region | Q13: West Region | R13: South Central Region | S13: East Region | T13: Total | W13: Mountain Region | X13: Mid Atlantic Region | Y13: South Region | Z13: Central Region | AA13: West Region | AB13: South Central Region | AC13: East Region | AD13: Total | AG13: Mountain Region | AH13: Mid Atlantic Region | AI13: South Region | AJ13: Central Region | AK13: West Region | AL13: South Central Region | AM13: East Region | AN13: Total | AQ13: Mountain Region | AR13: Mid Atlantic Region | AS13: South Region | AT13: Central Region | AU13: West Region | AV13: South Central Region | AW13: East Region | AX13: Total | BA13: Total | BC13: Mountain Region | BD13: Mid Atlantic Region | BE13: South Region | BF13: Central Region | BG13: West Region | BH13: South Central Region | BI13: East Region | BJ13: Sum of Regions | BK13: National | BM13: Mountain Region | BN13: Mid Atlantic Region | BO13: South Region | BP13: Central Region | BQ13: West Region | BR13: South Central Region | BS13: East Region | BT13: Sum of Regions | BU13: National | BX13: Mountain Region | BY13: Mid Atlantic Region | BZ13: South Region | CA13: Central Region | CB13: West Region | CC13: South Central Region | CD13: East Region | CE13: Sum of Regions | CF13: National | CI13: Mountain Region | CJ13: Mid Atlantic Region | CK13: South Region | CL13: Central Region | CM13: West Region | CN13: South Central Region | CO13: East Region | CP13: Sum of Regions | CQ13: National | CT13: Mountain Region | CU13: Mid Atlantic Region | CV13: South Region | CW13: Central Region | CX13: West Region | CY13: South Central Region | CZ13: East Region | DA13: Sum of Regions | DB13: National | DE13: Mountain Region | DF13: Mid Atlantic Region | DG13: South Region | DH13: Central Region | DI13: West Region | DJ13: South Central Region | DK13: East Region | DL13: Sum of Regions | DM13: National | DP13: Mountain Region | DQ13: Mid Atlantic Region | DR13: South Region | DS13: Central Region | DT13: West Region | DU13: South Central Region | DV13: East Region | DW13: Total | DZ13: Mountain Region | EA13: Mid Atlantic Region | EB13: South Region | EC13: Central Region | ED13: West Region | EE13: South Central Region | EF13: East Region | EG13: Total | EJ13: Mountain Region | EK13: Mid Atlantic Region | EL13: South Region | EM13: Central Region | EN13: West Region | EO13: South Central Region | EP13: East Region | EQ13: Total | ET13: Mountain Region | EU13: Mid Atlantic Region | EV13: South Region | EW13: Central Region | EX13: West Region | EY13: South Central Region | EZ13: East Region | FA13: Total | FD13: Mountain Region | FE13: Mid Atlantic Region | FF13: South Region | FG13: Central Region | FH13: West Region | FI13: South Central Region | FJ13: East Region | FK13: Total
B14: 44562 | J14: =SUM(C14:I14) -> 0 | L14: 44562 | V14: 44562 | AF14: 44562 | AP14: 44562 | AZ14: 44562 | BW14: 44562 | CH14: 44562 | CS14: 44562 | DD14: 44562 | DO14: 44562 | DY14: 44562 | EI14: 44562 | ES14: 44562 | FC14: 44562
B15: 44593 | J15: =SUM(C15:I15) -> 0 | L15: 44593 | V15: 44593 | AF15: 44593 | AP15: 44593 | AZ15: 44593 | BW15: 44593 | CH15: 44593 | CS15: 44593 | DD15: 44593 | DO15: 44593 | DY15: 44593 | EI15: 44593 | ES15: 44593 | FC15: 44593
B16: 44621 | J16: =SUM(C16:I16) -> 0 | L16: 44621 | V16: 44621 | AF16: 44621 | AP16: 44621 | AZ16: 44621 | BW16: 44621 | CH16: 44621 | CS16: 44621 | DD16: 44621 | DO16: 44621 | DY16: 44621 | EI16: 44621 | ES16: 44621 | FC16: 44621
B17: 44652 | J17: =SUM(C17:I17) -> 0 | L17: 44652 | V17: 44652 | AF17: 44652 | AP17: 44652 | AZ17: 44652 | BW17: 44652 | CH17: 44652 | CS17: 44652 | DD17: 44652 | DO17: 44652 | DY17: 44652 | EI17: 44652 | ES17: 44652 | FC17: 44652
B18: 44682 | J18: =SUM(C18:I18) -> 0 | L18: 44682 | V18: 44682 | AF18: 44682 | AP18: 44682 | AZ18: 44682 | BW18: 44682 | CH18: 44682 | CS18: 44682 | DD18: 44682 | DO18: 44682 | DY18: 44682 | EI18: 44682 | ES18: 44682 | FC18: 44682
B19: 44713 | J19: =SUM(C19:I19) -> 0 | L19: 44713 | V19: 44713 | AF19: 44713 | AP19: 44713 | AZ19: 44713 | BW19: 44713 | CH19: 44713 | CS19: 44713 | DD19: 44713 | DO19: 44713 | DY19: 44713 | EI19: 44713 | ES19: 44713 | FC19: 44713
B20: 44743 | J20: =SUM(C20:I20) -> 0 | L20: 44743 | V20: 44743 | AF20: 44743 | AP20: 44743 | AZ20: 44743 | BW20: 44743 | CH20: 44743 | CS20: 44743 | DD20: 44743 | DO20: 44743 | DY20: 44743 | EI20: 44743 | ES20: 44743 | FC20: 44743
B21: 44774 | J21: =SUM(C21:I21) -> 0 | L21: 44774 | V21: 44774 | AF21: 44774 | AP21: 44774 | AZ21: 44774 | BW21: 44774 | CH21: 44774 | CS21: 44774 | DD21: 44774 | DO21: 44774 | DY21: 44774 | EI21: 44774 | ES21: 44774 | FC21: 44774
B22: 44805 | J22: =SUM(C22:I22) -> 0 | L22: 44805 | V22: 44805 | AF22: 44805 | AP22: 44805 | AZ22: 44805 | BW22: 44805 | CH22: 44805 | CS22: 44805 | DD22: 44805 | DO22: 44805 | DY22: 44805 | EI22: 44805 | ES22: 44805 | FC22: 44805
B23: 44835 | J23: =SUM(C23:I23) -> 0 | L23: 44835 | V23: 44835 | AF23: 44835 | AP23: 44835 | AZ23: 44835 | BW23: 44835 | CH23: 44835 | CS23: 44835 | DD23: 44835 | DO23: 44835 | DY23: 44835 | EI23: 44835 | ES23: 44835 | FC23: 44835
B24: 44866 | J24: =SUM(C24:I24) -> 0 | L24: 44866 | V24: 44866 | AF24: 44866 | AP24: 44866 | AZ24: 44866 | BW24: 44866 | CH24: 44866 | CS24: 44866 | DD24: 44866 | DO24: 44866 | DY24: 44866 | EI24: 44866 | ES24: 44866 | FC24: 44866
B25: 44896 | J25: =SUM(C25:I25) -> 0 | L25: 44896 | V25: 44896 | AF25: 44896 | AP25: 44896 | AZ25: 44896 | BW25: 44896 | CH25: 44896 | CS25: 44896 | DD25: 44896 | DO25: 44896 | DY25: 44896 | EI25: 44896 | ES25: 44896 | FC25: 44896
B26: 44927 | J26: =SUM(C26:I26) -> 0 | L26: 44927 | V26: 44927 | AF26: 44927 | AP26: 44927 | AZ26: 44927 | BA26: =BC26+BM26 -> 0 | BW26: 44927 | CH26: 44927 | CS26: 44927 | DD26: 44927 | DO26: 44927 | DY26: 44927 | EI26: 44927 | ES26: 44927 | FC26: 44927
B27: 44958 | J27: =SUM(C27:I27) -> 0 | L27: 44958 | V27: 44958 | AF27: 44958 | AP27: 44958 | AZ27: 44958 | BA27: =BC27+BM27 -> 0 | BW27: 44958 | CH27: 44958 | CS27: 44958 | DD27: 44958 | DO27: 44958 | DY27: 44958 | EI27: 44958 | ES27: 44958 | FC27: 44958
B28: 44986 | J28: =SUM(C28:I28) -> 0 | L28: 44986 | V28: 44986 | AF28: 44986 | AP28: 44986 | AZ28: 44986 | BA28: =BC28+BM28 -> 0 | BW28: 44986 | CH28: 44986 | CS28: 44986 | DD28: 44986 | DO28: 44986 | DY28: 44986 | EI28: 44986 | ES28: 44986 | FC28: 44986
B29: 45017 | J29: =SUM(C29:I29) -> 0 | L29: 45017 | V29: 45017 | AF29: 45017 | AP29: 45017 | AZ29: 45017 | BA29: =BC29+BM29 -> 0 | BW29: 45017 | CH29: 45017 | CS29: 45017 | DD29: 45017 | DO29: 45017 | DY29: 45017 | EI29: 45017 | ES29: 45017 | FC29: 45017
B30: 45047 | J30: =SUM(C30:I30) -> 0 | L30: 45047 | V30: 45047 | AF30: 45047 | AP30: 45047 | AZ30: 45047 | BA30: =BC30+BM30 -> 0 | BW30: 45047 | CH30: 45047 | CS30: 45047 | DD30: 45047 | DO30: 45047 | DY30: 45047 | EI30: 45047 | ES30: 45047 | FC30: 45047
B31: 45078 | J31: =SUM(C31:I31) -> 0 | L31: 45078 | V31: 45078 | AF31: 45078 | AP31: 45078 | AZ31: 45078 | BA31: =BC31+BM31 -> 0 | BW31: 45078 | CH31: 45078 | CS31: 45078 | DD31: 45078 | DO31: 45078 | DY31: 45078 | EI31: 45078 | ES31: 45078 | FC31: 45078
B32: 45108 | J32: =SUM(C32:I32) -> 0 | L32: 45108 | V32: 45108 | AF32: 45108 | AP32: 45108 | AZ32: 45108 | BA32: =BC32+BM32 -> 0 | BW32: 45108 | CH32: 45108 | CS32: 45108 | DD32: 45108 | DO32: 45108 | DY32: 45108 | EI32: 45108 | ES32: 45108 | FC32: 45108
B33: 45139 | J33: =SUM(C33:I33) -> 0 | L33: 45139 | V33: 45139 | AF33: 45139 | AP33: 45139 | AZ33: 45139 | BA33: =BC33+BM33 -> 0 | BW33: 45139 | CH33: 45139 | CS33: 45139 | DD33: 45139 | DO33: 45139 | DY33: 45139 | EI33: 45139 | ES33: 45139 | FC33: 45139
B34: 45170 | J34: =SUM(C34:I34) -> 0 | L34: 45170 | V34: 45170 | AF34: 45170 | AP34: 45170 | AZ34: 45170 | BA34: =BC34+BM34 -> 0 | BW34: 45170 | CH34: 45170 | CS34: 45170 | DD34: 45170 | DO34: 45170 | DY34: 45170 | EI34: 45170 | ES34: 45170 | FC34: 45170
B35: 45200 | J35: =SUM(C35:I35) -> 0 | L35: 45200 | V35: 45200 | AF35: 45200 | AP35: 45200 | AZ35: 45200 | BA35: =BC35+BM35 -> 0 | BW35: 45200 | CH35: 45200 | CS35: 45200 | DD35: 45200 | DO35: 45200 | DY35: 45200 | EI35: 45200 | ES35: 45200 | FC35: 45200
B36: 45231 | J36: =SUM(C36:I36) -> 0 | L36: 45231 | V36: 45231 | AF36: 45231 | AP36: 45231 | AZ36: 45231 | BA36: =BC36+BM36 -> 0 | BW36: 45231 | CH36: 45231 | CS36: 45231 | DD36: 45231 | DO36: 45231 | DY36: 45231 | EI36: 45231 | ES36: 45231 | FC36: 45231
B37: 45261 | J37: =SUM(C37:I37) -> 0 | L37: 45261 | V37: 45261 | AF37: 45261 | AP37: 45261 | AZ37: 45261 | BA37: =BC37+BM37 -> 0 | BW37: 45261 | CH37: 45261 | CS37: 45261 | DD37: 45261 | DO37: 45261 | DY37: 45261 | EI37: 45261 | ES37: 45261 | FC37: 45261
... B49: 45627 | J49: =SUM(C49:I49) -> 0 | L49: 45627 | V49: 45627 | AF49: 45627 | AP49: 45627 | AZ49: 45627 | BA49: =BC49+BM49 -> 0 | BW49: 45627 | CH49: 45627 | CS49: 45627 | DD49: 45627 | DO49: 45627 | DY49: 45627 | EI49: 45627 | ES49: 45627 | FC49: 45627
B50: 45658 | C50: 257 | D50: 367 | E50: 1227 | F50: 524 | G50: 691 | H50: 520 | I50: 856 | J50: 4547 | L50: 45658 | M50: 257 | N50: 367 | O50: 1227 | P50: 524 | Q50: 691 | R50: 520 | S50: 856 | T50: 4547 | V50: 45658 | W50: 125208 | X50: 214787 | Y50: 381823 | Z50: 350591 | AA50: 299511 | AB50: 304164 | AC50: 440973 | AD50: 2221670 | AF50: 45658 | AG50: 99328 | AH50: 162487 | AI50: 297408 | AJ50: 265503 | AK50: 237216 | AL50: 236733 | AM50: 339852 | AN50: 1707959 | AP50: 45658 | AZ50: 45658 | BA50: =BC50+BM50 -> 161875 | BC50: 104537 | BD50: 189792 | BE50: 383829 | BF50: 198589 | BG50: 213243 | BH50: 264077 | BI50: 304831 | BJ50: =SUM(BC50:BI50) -> 1658898 | BK50: ='Historic Data'!BM47 -> 1659038 | BM50: 57338 | BN50: 138399 | BO50: 218507 | BP50: 128644 | BQ50: 125316 | BR50: 136719 | BS50: 203230 | BT50: =SUM(BM50:BS50) -> 1008153 | BU50: ='Historic Data'!BO47 -> 1008161 | BW50: 45658 | BX50: =CI50+CT50 -> 7020 | BY50: =CJ50+CU50 -> 15049 | BZ50: =CK50+CV50 -> 27131 | CA50: =CL50+CW50 -> 24181 | CB50: =CM50+CX50 -> 19444 | CC50: =CN50+CY50 -> 19838 | CD50: =CO50+CZ50 -> 31697 | CE50: =SUM(BX50:CD50) -> 144360 | CF50: =CQ50+DB50 -> 128664 | CH50: 45658 | CI50: 3280 | CJ50: 7445 | CK50: 13664 | CL50: 12082 | CM50: 9618 | CN50: 9753 | CO50: 16098 | CP50: =SUM(CI50:CO50) -> 71940 | CQ50: ='Historic Data'!CZ47 -> 64501 | CS50: 45658 | CT50: 3740 | CU50: 7604 | CV50: 13467 | CW50: 12099 | CX50: 9826 | CY50: 10085 | CZ50: 15599 | DA50: =SUM(CT50:CZ50) -> 72420 | DB50: ='Historic Data'!DL47 -> 64163 | DD50: 45658 | DE50: 22229 | DF50: 39360 | DG50: 69553 | DH50: 60115 | DI50: 56815 | DJ50: 50421 | DK50: 89651 | DL50: =SUM(DE50:DK50) -> 388144 | DM50: ='Historic Data'!DX47 -> 402930 | DO50: 45658 | DY50: 45658 | EI50: 45658 | ES50: 45658 | FC50: 45658
B51: 45689 | C51: 282 | D51: 456 | E51: 1370 | F51: 633 | G51: 784 | H51: 633 | I51: 882 | J51: 5096 | L51: 45689 | M51: 282 | N51: 456 | O51: 1370 | P51: 633 | Q51: 784 | R51: 633 | S51: 882 | T51: 5096 | V51: 45689 | W51: 121425 | X51: 204394 | Y51: 376013 | Z51: 355018 | AA51: 299075 | AB51: 286105 | AC51: 422317 | AD51: 2151985 | AF51: 45689 | AG51: 94181 | AH51: 150495 | AI51: 285264 | AJ51: 264042 | AK51: 233494 | AL51: 216901 | AM51: 314855 | AN51: 1616326 | AP51: 45689 | AZ51: 45689 | BA51: =BC51+BM51 -> 155750 | BC51: 99936 | BD51: 172589 | BE51: 368545 | BF51: 198038 | BG51: 201429 | BH51: 248403 | BI51: 287540 | BJ51: =SUM(BC51:BI51) -> 1576480 | BK51: ='Historic Data'!BM48 -> 1576643 | BM51: 55814 | BN51: 132480 | BO51: 209387 | BP51: 132223 | BQ51: 126731 | BR51: 135737 | BS51: 194655 | BT51: =SUM(BM51:BS51) -> 987027 | BU51: ='Historic Data'!BO48 -> 987033 | BW51: 45689 | BX51: =CI51+CT51 -> 7192 | BY51: =CJ51+CU51 -> 14806 | BZ51: =CK51+CV51 -> 26193 | CA51: =CL51+CW51 -> 24883 | CB51: =CM51+CX51 -> 18426 | CC51: =CN51+CY51 -> 18749 | CD51: =CO51+CZ51 -> 30817 | CE51: =SUM(BX51:CD51) -> 141066 | CF51: =CQ51+DB51 -> 126696 | CH51: 45689 | CI51: 3514 | CJ51: 7749 | CK51: 13440 | CL51: 13140 | CM51: 9184 | CN51: 9374 | CO51: 15950 | CP51: =SUM(CI51:CO51) -> 72351 | CQ51: ='Historic Data'!CZ48 -> 62062 | CS51: 45689 | CT51: 3678 | CU51: 7057 | CV51: 12753 | CW51: 11743 | CX51: 9242 | CY51: 9375 | CZ51: 14867 | DA51: =SUM(CT51:CZ51) -> 68715 | DB51: ='Historic Data'!DL48 -> 64634 | DD51: 45689 | DE51: 23360 | DF51: 37809 | DG51: 69236 | DH51: 64812 | DI51: 55459 | DJ51: 49084 | DK51: 90328 | DL51: =SUM(DE51:DK51) -> 390088 | DM51: ='Historic Data'!DX48 -> 399692 | DO51: 45689 | DY51: 45689 | EI51: 45689 | ES51: 45689 | FC51: 45689
B52: 45717 | C52: 418 | D52: 572 | E52: 1711 | F52: 911 | G52: 1115 | H52: 835 | I52: 1253 | J52: 6837 | L52: 45717 | M52: 418 | N52: 572 | O52: 1711 | P52: 911 | Q52: 1115 | R52: 835 | S52: 1253 | T52: 6837 | V52: 45717 | W52: 156466 | X52: 263882 | Y52: 504709 | Z52: 473159 | AA52: 408841 | AB52: 380634 | AC52: 586302 | AD52: 2872891 | AF52: 45717 | AG52: 118466 | AH52: 194128 | AI52: 376601 | AJ52: 345259 | AK52: 320200 | AL52: 283995 | AM52: 434590 | AN52: 2133990 | AP52: 45717 | AZ52: 45717 | BA52: =BC52+BM52 -> 183477 | BC52: 117859 | BD52: 168555 | BE52: 413971 | BF52: 230798 | BG52: 226826 | BH52: 301499 | BI52: 308827 | BJ52: =SUM(BC52:BI52) -> 1768335 | BK52: ='Historic Data'!BM49 -> 1768416 | BM52: 65618 | BN52: 132856 | BO52: 253466 | BP52: 151108 | BQ52: 145803 | BR52: 151728 | BS52: 212761 | BT52: =SUM(BM52:BS52) -> 1113340 | BU52: ='Historic Data'!BO49 -> 1113315 | BW52: 45717 | BX52: =CI52+CT52 -> 8992 | BY52: =CJ52+CU52 -> 19396 | BZ52: =CK52+CV52 -> 36937 | CA52: =CL52+CW52 -> 33573 | CB52: =CM52+CX52 -> 24211 | CC52: =CN52+CY52 -> 24508 | CD52: =CO52+CZ52 -> 42236 | CE52: =SUM(BX52:CD52) -> 189853 | CF52: =CQ52+DB52 -> 177219 | CH52: 45717 | CI52: 4053 | CJ52: 9769 | CK52: 18464 | CL52: 16828 | CM52: 11165 | CN52: 11743 | CO52: 21007 | CP52: =SUM(CI52:CO52) -> 93029 | CQ52: ='Historic Data'!CZ49 -> 80095 | CS52: 45717 | CT52: 4939 | CU52: 9627 | CV52: 18473 | CW52: 16745 | CX52: 13046 | CY52: 12765 | CZ52: 21229 | DA52: =SUM(CT52:CZ52) -> 96824 | DB52: ='Historic Data'!DL49 -> 97124 | DD52: 45717 | DE52: 31309 | DF52: 52304 | DG52: 99093 | DH52: 90339 | DI52: 78806 | DJ52: 70537 | DK52: 126692 | DL52: =SUM(DE52:DK52) -> 549080 | DM52: ='Historic Data'!DX49 -> 560782 | DO52: 45717 | DY52: 45717 | EI52: 45717 | ES52: 45717 | FC52: 45717
B53: 45748 | C53: 377 | D53: 470 | E53: 1331 | F53: 770 | G53: 896 | H53: 691 | I53: 1122 | J53: 5736 | L53: 45748 | M53: 377 | N53: 470 | O53: 1331 | P53: 770 | Q53: 896 | R53: 691 | S53: 1122 | T53: 5736 | V53: 45748 | W53: 162982 | X53: 269638 | Y53: 506724 | Z53: 484077 | AA53: 436113 | AB53: 407755 | AC53: 587950 | AD53: 2965512 | AF53: 45748 | AG53: 107203 | AH53: 174489 | AI53: 326631 | AJ53: 307910 | AK53: 300457 | AL53: 263781 | AM53: 388280 | AN53: 1932990 | AP53: 45748 | AZ53: 45748 | BA53: =BC53+BM53 -> 176769 | BC53: 111465 | BD53: 159846 | BE53: 406685 | BF53: 234525 | BG53: 212462 | BH53: 286179 | BI53: 267027 | BJ53: =SUM(BC53:BI53) -> 1678189 | BK53: ='Historic Data'!BM50 -> 1679030 | BM53: 65304 | BN53: 116755 | BO53: 255994 | BP53: 142351 | BQ53: 143680 | BR53: 155228 | BS53: 191710 | BT53: =SUM(BM53:BS53) -> 1071022 | BU53: ='Historic Data'!BO50 -> 1071469 | BW53: 45748 | BX53: =CI53+CT53 -> 7347 | BY53: =CJ53+CU53 -> 16731 | BZ53: =CK53+CV53 -> 30364 | CA53: =CL53+CW53 -> 28886 | CB53: =CM53+CX53 -> 20429 | CC53: =CN53+CY53 -> 22261 | CD53: =CO53+CZ53 -> 34976 | CE53: =SUM(BX53:CD53) -> 160994 | CF53: =CQ53+DB53 -> 151750 | CH53: 45748 | CI53: 3548 | CJ53: 9047 | CK53: 16026 | CL53: 15400 | CM53: 10089 | CN53: 11805 | CO53: 18119 | CP53: =SUM(CI53:CO53) -> 84034 | CQ53: ='Historic Data'!CZ50 -> 67847 | CS53: 45748 | CT53: 3799 | CU53: 7684 | CV53: 14338 | CW53: 13486 | CX53: 10340 | CY53: 10456 | CZ53: 16857 | DA53: =SUM(CT53:CZ53) -> 76960 | DB53: ='Historic Data'!DL50 -> 83903 | DD53: 45748 | DE53: 26297 | DF53: 45060 | DG53: 82023 | DH53: 77386 | DI53: 67093 | DJ53: 63150 | DK53: 109825 | DL53: =SUM(DE53:DK53) -> 470834 | DM53: ='Historic Data'!DX50 -> 485874 | DO53: 45748 | DY53: 45748 | EI53: 45748 | ES53: 45748 | FC53: 45748
B54: 45778 | C54: 390 | D54: 559 | E54: 1616 | F54: 824 | G54: 883 | H54: 805 | I54: 1239 | J54: 6323 | L54: 45778 | M54: 390 | N54: 559 | O54: 1616 | P54: 824 | Q54: 883 | R54: 805 | S54: 1239 | T54: 6323 | V54: 45778 | W54: 190657 | X54: 347533 | Y54: 601669 | Z54: 593716 | AA54: 512184 | AB54: 503281 | AC54: 721010 | AD54: 3578763 | AF54: 45778 | AG54: 155380 | AH54: 272188 | AI54: 474656 | AJ54: 470725 | AK54: 422087 | AL54: 403632 | AM54: 577905 | AN54: 2851027 | AP54: 45778 | AZ54: 45778 | BA54: =BC54+BM54 -> 169028 | BC54: 105739 | BD54: 167528 | BE54: 398491 | BF54: 204440 | BG54: 200646 | BH54: 291657 | BI54: 263116 | BJ54: =SUM(BC54:BI54) -> 1631617 | BK54: ='Historic Data'!BM51 -> 1631665 | BM54: 63289 | BN54: 120727 | BO54: 260458 | BP54: 129961 | BQ54: 132480 | BR54: 162331 | BS54: 179343 | BT54: =SUM(BM54:BS54) -> 1048589 | BU54: ='Historic Data'!BO51 -> 1048574 | BW54: 45778 | BX54: =CI54+CT54 -> 6927 | BY54: =CJ54+CU54 -> 17471 | BZ54: =CK54+CV54 -> 30097 | CA54: =CL54+CW54 -> 28083 | CB54: =CM54+CX54 -> 21073 | CC54: =CN54+CY54 -> 23596 | CD54: =CO54+CZ54 -> 36333 | CE54: =SUM(BX54:CD54) -> 163580 | CF54: =CQ54+DB54 -> 148370 | CH54: 45778 | CI54: 3544 | CJ54: 9557 | CK54: 15732 | CL54: 15211 | CM54: 10730 | CN54: 12379 | CO54: 19762 | CP54: =SUM(CI54:CO54) -> 86915 | CQ54: ='Historic Data'!CZ51 -> 66120 | CS54: 45778 | CT54: 3383 | CU54: 7914 | CV54: 14365 | CW54: 12872 | CX54: 10343 | CY54: 11217 | CZ54: 16571 | DA54: =SUM(CT54:CZ54) -> 76665 | DB54: ='Historic Data'!DL51 -> 82250 | DD54: 45778 | DE54: 27004 | DF54: 48799 | DG54: 86230 | DH54: 79014 | DI54: 69776 | DJ54: 68775 | DK54: 117802 | DL54: =SUM(DE54:DK54) -> 497400 | DM54: ='Historic Data'!DX51 -> 511368 | DO54: 45778 | DY54: 45778 | EI54: 45778 | ES54: 45778 | FC54: 45778
B55: 45809 | C55: 357 | D55: 587 | E55: 1306 | F55: 784 | G55: 849 | H55: 761 | I55: 1118 | J55: 5823 | L55: 45809 | M55: 357 | N55: 587 | O55: 1306 | P55: 784 | Q55: 849 | R55: 761 | S55: 1118 | T55: 5823 | V55: 45809 | W55: 162419 | X55: 286005 | Y55: 533743 | Z55: 527689 | AA55: 443624 | AB55: 442191 | AC55: 616584 | AD55: 3105918 | AF55: 45809 | AG55: 121842 | AH55: 205521 | AI55: 390179 | AJ55: 375612 | AK55: 347238 | AL55: 323732 | AM55: 459838 | AN55: 2288018 | AP55: 45809 | AZ55: 45809 | BA55: =BC55+BM55 -> 173961 | BC55: 110290 | BD55: 168761 | BE55: 401999 | BF55: 198174 | BG55: 179124 | BH55: 292885 | BI55: 249067 | BJ55: =SUM(BC55:BI55) -> 1600300 | BK55: ='Historic Data'!BM52 -> 1600333 | BM55: 63671 | BN55: 118455 | BO55: 259861 | BP55: 130689 | BQ55: 122503 | BR55: 169648 | BS55: 167715 | BT55: =SUM(BM55:BS55) -> 1032542 | BU55: ='Historic Data'!BO52 -> 1032544 | BW55: 45809 | BX55: =CI55+CT55 -> 7674 | BY55: =CJ55+CU55 -> 16767 | BZ55: =CK55+CV55 -> 30749 | CA55: =CL55+CW55 -> 30671 | CB55: =CM55+CX55 -> 19864 | CC55: =CN55+CY55 -> 23212 | CD55: =CO55+CZ55 -> 35608 | CE55: =SUM(BX55:CD55) -> 164545 | CF55: =CQ55+DB55 -> 144020 | CH55: 45809 | CI55: 3807 | CJ55: 8541 | CK55: 15322 | CL55: 15465 | CM55: 9363 | CN55: 11344 | CO55: 18010 | CP55: =SUM(CI55:CO55) -> 81852 | CQ55: ='Historic Data'!CZ52 -> 55560 | CS55: 45809 | CT55: 3867 | CU55: 8226 | CV55: 15427 | CW55: 15206 | CX55: 10501 | CY55: 11868 | CZ55: 17598 | DA55: =SUM(CT55:CZ55) -> 82693 | DB55: ='Historic Data'!DL52 -> 88460 | DD55: 45809 | DE55: 26291 | DF55: 43249 | DG55: 78456 | DH55: 79838 | DI55: 64704 | DJ55: 63986 | DK55: 110008 | DL55: =SUM(DE55:DK55) -> 466532 | DM55: ='Historic Data'!DX52 -> 480646 | DO55: 45809 | DY55: 45809 | EI55: 45809 | ES55: 45809 | FC55: 45809
B56: 45839 | C56: 331 | D56: 585 | E56: 1505 | F56: 810 | G56: 934 | H56: 694 | I56: 1205 | J56: 6100 | L56: 45839 | M56: 331 | N56: 585 | O56: 1505 | P56: 810 | Q56: 934 | R56: 694 | S56: 1205 | T56: 6100 | V56: 45839 | W56: 201792 | X56: 337444 | Y56: 634361 | Z56: 636539 | AA56: 561819 | AB56: 516824 | AC56: 745419 | AD56: 3737699 | AF56: 45839 | AG56: 150146 | AH56: 245082 | AI56: 460007 | AJ56: 462601 | AK56: 435040 | AL56: 370011 | AM56: 571035 | AN56: 2763402 | AP56: 45839 | AZ56: 45839 | BA56: =BC56+BM56 -> 199421 | BC56: 125442 | BD56: 177264 | BE56: 466765 | BF56: 224802 | BG56: 195520 | BH56: 307063 | BI56: 276950 | BJ56: =SUM(BC56:BI56) -> 1773806 | BK56: ='Historic Data'!BM53 -> 1774062 | BM56: 73979 | BN56: 131530 | BO56: 316986 | BP56: 154850 | BQ56: 125221 | BR56: 169281 | BS56: 186496 | BT56: =SUM(BM56:BS56) -> 1158343 | BU56: ='Historic Data'!BO53 -> 1158361 | BW56: 45839 | BX56: =CI56+CT56 -> 7888 | BY56: =CJ56+CU56 -> 15518 | BZ56: =CK56+CV56 -> 28245 | CA56: =CL56+CW56 -> 30269 | CB56: =CM56+CX56 -> 20676 | CC56: =CN56+CY56 -> 21966 | CD56: =CO56+CZ56 -> 34447 | CE56: =SUM(BX56:CD56) -> 159009 | CF56: =CQ56+DB56 -> 147149 | CH56: 45839 | CI56: 4141 | CJ56: 8406 | CK56: 15153 | CL56: 16522 | CM56: 10621 | CN56: 11580 | CO56: 18856 | CP56: =SUM(CI56:CO56) -> 85279 | CQ56: ='Historic Data'!CZ53 -> 67853 | CS56: 45839 | CT56: 3747 | CU56: 7112 | CV56: 13092 | CW56: 13747 | CX56: 10055 | CY56: 10386 | CZ56: 15591 | DA56: =SUM(CT56:CZ56) -> 73730 | DB56: ='Historic Data'!DL53 -> 79296 | DD56: 45839 | DE56: 30961 | DF56: 51205 | DG56: 95182 | DH56: 96752 | DI56: 75197 | DJ56: 73412 | DK56: 132194 | DL56: =SUM(DE56:DK56) -> 554903 | DM56: ='Historic Data'!DX53 -> 569448 | DO56: 45839 | DY56: 45839 | EI56: 45839 | ES56: 45839 | FC56: 45839
B57: 45870 | C57: 430 | D57: 642 | E57: 1804 | F57: 912 | G57: 1104 | H57: 879 | I57: 1491 | J57: 7345 | L57: 45870 | M57: 430 | N57: 642 | O57: 1804 | P57: 912 | Q57: 1104 | R57: 879 | S57: 1491 | T57: 7345 | V57: 45870 | W57: 205526 | X57: 340825 | Y57: 642490 | Z57: 631073 | AA57: 612410 | AB57: 523065 | AC57: 755294 | AD57: 3803561 | AF57: 45870 | AG57: 169838 | AH57: 278686 | AI57: 528170 | AJ57: 517805 | AK57: 508097 | AL57: 438758 | AM57: 613728 | AN57: 3116704 | AP57: 45870 | AZ57: 45870 | BA57: =BC57+BM57 -> 192753 | BC57: 119933 | BD57: 183070 | BE57: 502105 | BF57: 218781 | BG57: 207502 | BH57: 323003 | BI57: 285419 | BJ57: =SUM(BC57:BI57) -> 1839813 | BK57: ='Historic Data'!BM54 -> 1840689 | BM57: 72820 | BN57: 131379 | BO57: 353824 | BP57: 142249 | BQ57: 140165 | BR57: 185380 | BS57: 184483 | BT57: =SUM(BM57:BS57) -> 1210300 | BU57: ='Historic Data'!BO54 -> 1210732 | BW57: 45870 | BX57: =CI57+CT57 -> 8465 | BY57: =CJ57+CU57 -> 15818 | BZ57: =CK57+CV57 -> 29409 | CA57: =CL57+CW57 -> 29133 | CB57: =CM57+CX57 -> 21645 | CC57: =CN57+CY57 -> 22134 | CD57: =CO57+CZ57 -> 37060 | CE57: =SUM(BX57:CD57) -> 163664 | CF57: =CQ57+DB57 -> 163738 | CH57: 45870 | CI57: 4036 | CJ57: 7459 | CK57: 14149 | CL57: 13901 | CM57: 9922 | CN57: 10073 | CO57: 17580 | CP57: =SUM(CI57:CO57) -> 77120 | CQ57: ='Historic Data'!CZ54 -> 69485 | CS57: 45870 | CT57: 4429 | CU57: 8359 | CV57: 15260 | CW57: 15232 | CX57: 11723 | CY57: 12061 | CZ57: 19480 | DA57: =SUM(CT57:CZ57) -> 86544 | DB57: ='Historic Data'!DL54 -> 94253 | DD57: 45870 | DE57: 35952 | DF57: 58131 | DG57: 108165 | DH57: 109725 | DI57: 85484 | DJ57: 85234 | DK57: 148706 | DL57: =SUM(DE57:DK57) -> 631397 | DM57: ='Historic Data'!DX54 -> 645165 | DO57: 45870 | DY57: 45870 | EI57: 45870 | ES57: 45870 | FC57: 45870
B58: 45901 | C58: 417 | D58: 506 | E58: 1410 | F58: 791 | G58: 936 | H58: 672 | I58: 1107 | J58: 5891 | L58: 45901 | M58: 417 | N58: 506 | O58: 1410 | P58: 791 | Q58: 936 | R58: 672 | S58: 1107 | T58: 5891 | V58: 45901 | W58: 140479 | X58: 223713 | Y58: 428462 | Z58: 421375 | AA58: 416762 | AB58: 352052 | AC58: 524479 | AD58: 2581522 | AF58: 45901 | AG58: 119307 | AH58: 187867 | AI58: 364721 | AJ58: 353516 | AK58: 350203 | AL58: 303563 | AM58: 428797 | AN58: 2154994 | AP58: 45901 | AZ58: 45901 | BA58: =BC58+BM58 -> 192813 | BC58: 123294 | BD58: 152980 | BE58: 490922 | BF58: 217617 | BG58: 206914 | BH58: 297286 | BI58: 270145 | BJ58: =SUM(BC58:BI58) -> 1759158 | BK58: ='Historic Data'!BM55 -> 1759334 | BM58: 69519 | BN58: 105169 | BO58: 333146 | BP58: 143683 | BQ58: 146806 | BR58: 157929 | BS58: 171197 | BT58: =SUM(BM58:BS58) -> 1127449 | BU58: ='Historic Data'!BO55 -> 1127534 | BW58: 45901 | BX58: =CI58+CT58 -> 6328 | BY58: =CJ58+CU58 -> 11920 | BZ58: =CK58+CV58 -> 22949 | CA58: =CL58+CW58 -> 22764 | CB58: =CM58+CX58 -> 18529 | CC58: =CN58+CY58 -> 16900 | CD58: =CO58+CZ58 -> 29698 | CE58: =SUM(BX58:CD58) -> 129088 | CF58: =CQ58+DB58 -> 134161 | CH58: 45901 | CI58: 3056 | CJ58: 6007 | CK58: 12179 | CL58: 11501 | CM58: 9013 | CN58: 8160 | CO58: 14878 | CP58: =SUM(CI58:CO58) -> 64794 | CQ58: ='Historic Data'!CZ55 -> 62950 | CS58: 45901 | CT58: 3272 | CU58: 5913 | CV58: 10770 | CW58: 11263 | CX58: 9516 | CY58: 8740 | CZ58: 14820 | DA58: =SUM(CT58:CZ58) -> 64294 | DB58: ='Historic Data'!DL55 -> 71211 | DD58: 45901 | DE58: 31795 | DF58: 51351 | DG58: 97005 | DH58: 96465 | DI58: 81923 | DJ58: 76275 | DK58: 129014 | DL58: =SUM(DE58:DK58) -> 563828 | DM58: ='Historic Data'!DX55 -> 575834 | DO58: 45901 | DY58: 45901 | EI58: 45901 | ES58: 45901 | FC58: 45901
B59: 45931 | C59: 296 | D59: 516 | E59: 1551 | F59: 669 | G59: 875 | H59: 727 | I59: 1057 | J59: 5751 | L59: 45931 | M59: 296 | N59: 516 | O59: 1551 | P59: 669 | Q59: 875 | R59: 727 | S59: 1057 | T59: 5751 | V59: 45931 | W59: 187801 | X59: 272712 | Y59: 547445 | Z59: 565519 | AA59: 499718 | AB59: 464565 | AC59: 613406 | AD59: 3236889 | AF59: 45931 | AG59: 153479 | AH59: 221141 | AI59: 441778 | AJ59: 449723 | AK59: 402861 | AL59: 380708 | AM59: 496818 | AN59: 2601417 | AP59: 45931 | AZ59: 45931 | BA59: =BC59+BM59 -> 188719 | BC59: 120030 | BD59: 168594 | BE59: 490617 | BF59: 213920 | BG59: 187892 | BH59: 309997 | BI59: 278345 | BJ59: =SUM(BC59:BI59) -> 1769395 | BK59: ='Historic Data'!BM56 -> 1769582 | BM59: 68689 | BN59: 117840 | BO59: 325674 | BP59: 133129 | BQ59: 132147 | BR59: 168725 | BS59: 170753 | BT59: =SUM(BM59:BS59) -> 1116957 | BU59: ='Historic Data'!BO56 -> 1117000 | BW59: 45931 | BX59: =CI59+CT59 -> 6385 | BY59: =CJ59+CU59 -> 11384 | BZ59: =CK59+CV59 -> 22751 | CA59: =CL59+CW59 -> 22745 | CB59: =CM59+CX59 -> 16738 | CC59: =CN59+CY59 -> 16997 | CD59: =CO59+CZ59 -> 27201 | CE59: =SUM(BX59:CD59) -> 124201 | CF59: =CQ59+DB59 -> 125618 | CH59: 45931 | CI59: 2837 | CJ59: 5410 | CK59: 10841 | CL59: 11070 | CM59: 7876 | CN59: 7599 | CO59: 12959 | CP59: =SUM(CI59:CO59) -> 58592 | CQ59: ='Historic Data'!CZ56 -> 54007 | CS59: 45931 | CT59: 3548 | CU59: 5974 | CV59: 11910 | CW59: 11675 | CX59: 8862 | CY59: 9398 | CZ59: 14242 | DA59: =SUM(CT59:CZ59) -> 65609 | DB59: ='Historic Data'!DL56 -> 71611 | DD59: 45931 | DE59: 32676 | DF59: 46957 | DG59: 94772 | DH59: 93175 | DI59: 76551 | DJ59: 76075 | DK59: 119754 | DL59: =SUM(DE59:DK59) -> 539960 | DM59: ='Historic Data'!DX56 -> 552680 | DO59: 45931 | DY59: 45931 | EI59: 45931 | ES59: 45931 | FC59: 45931
B60: 45962 | C60: 374 | D60: 540 | E60: 1762 | F60: 758 | G60: 1055 | H60: 903 | I60: 1316 | J60: 6732 | L60: 45962 | M60: 374 | N60: 540 | O60: 1762 | P60: 758 | Q60: 1055 | R60: 903 | S60: 1316 | T60: 6732 | V60: 45962 | W60: 194331 | X60: 299444 | Y60: 574656 | Z60: 524997 | AA60: 512386 | AB60: 465544 | AC60: 608454 | AD60: 3281361 | AF60: 45962 | AG60: 154289 | AH60: 229555 | AI60: 444301 | AJ60: 400910 | AK60: 398597 | AL60: 374153 | AM60: 473734 | AN60: 2536552 | AP60: 45962 | AZ60: 45962 | BA60: =BC60+BM60 -> 187696 | BC60: 121578 | BD60: 192891 | BE60: 477819 | BF60: 212117 | BG60: 190744 | BH60: 328619 | BI60: 274398 | BJ60: =SUM(BC60:BI60) -> 1798166 | BK60: ='Historic Data'!BM57 -> 1799571 | BM60: 66118 | BN60: 130774 | BO60: 310085 | BP60: 135461 | BQ60: 123584 | BR60: 185113 | BS60: 179790 | BT60: =SUM(BM60:BS60) -> 1130925 | BU60: ='Historic Data'!BO57 -> 1131310 | BW60: 45962 | BX60: =CI60+CT60 -> 6610 | BY60: =CJ60+CU60 -> 12750 | BZ60: =CK60+CV60 -> 24073 | CA60: =CL60+CW60 -> 20087 | CB60: =CM60+CX60 -> 16669 | CC60: =CN60+CY60 -> 17123 | CD60: =CO60+CZ60 -> 24195 | CE60: =SUM(BX60:CD60) -> 121507 | CF60: =CQ60+DB60 -> 124179 | CH60: 45962 | CI60: 2903 | CJ60: 6343 | CK60: 11253 | CL60: 9547 | CM60: 7361 | CN60: 7817 | CO60: 11225 | CP60: =SUM(CI60:CO60) -> 56449 | CQ60: ='Historic Data'!CZ57 -> 53663 | CS60: 45962 | CT60: 3707 | CU60: 6407 | CV60: 12820 | CW60: 10540 | CX60: 9308 | CY60: 9306 | CZ60: 12970 | DA60: =SUM(CT60:CZ60) -> 65058 | DB60: ='Historic Data'!DL57 -> 70516 | DD60: 45962 | DE60: 33700 | DF60: 50777 | DG60: 100850 | DH60: 86600 | DI60: 78441 | DJ60: 76550 | DK60: 108034 | DL60: =SUM(DE60:DK60) -> 534952 | DM60: ='Historic Data'!DX57 -> 549955 | DO60: 45962 | DY60: 45962 | EI60: 45962 | ES60: 45962 | FC60: 45962
B61: 45992 | C61: 401 | D61: 739 | E61: 2135 | F61: 831 | G61: 1214 | H61: 1057 | I61: 1525 | J61: 7903 | L61: 45992 | M61: 401 | N61: 739 | O61: 2135 | P61: 831 | Q61: 1214 | R61: 1057 | S61: 1525 | T61: 7903 | V61: 45992 | W61: 186794 | X61: 290885 | Y61: 572266 | Z61: 488488 | AA61: 500678 | AB61: 462931 | AC61: 587408 | AD61: 3168892 | AF61: 45992 | AG61: 148608 | AH61: 229269 | AI61: 459534 | AJ61: 384887 | AK61: 391711 | AL61: 373157 | AM61: 469382 | AN61: 2504053 | AP61: 45992 | AZ61: 45992 | BA61: =BC61+BM61 -> 183150 | BC61: 122430 | BD61: 199056 | BE61: 500484 | BF61: 222617 | BG61: 251088 | BH61: 325771 | BI61: 272810 | BJ61: =SUM(BC61:BI61) -> 1894256 | BK61: ='Historic Data'!BM58 -> 1899900 | BM61: 60720 | BN61: 126508 | BO61: 313136 | BP61: 146095 | BQ61: 156948 | BR61: 182880 | BS61: 183284 | BT61: =SUM(BM61:BS61) -> 1169571 | BU61: ='Historic Data'!BO58 -> 1171250 | BW61: 45992 | BX61: =CI61+CT61 -> 8366 | BY61: =CJ61+CU61 -> 15003 | BZ61: =CK61+CV61 -> 31004 | CA61: =CL61+CW61 -> 24854 | CB61: =CM61+CX61 -> 20465 | CC61: =CN61+CY61 -> 22287 | CD61: =CO61+CZ61 -> 29979 | CE61: =SUM(BX61:CD61) -> 151958 | CF61: =CQ61+DB61 -> 157197 | CH61: 45992 | CI61: 3562 | CJ61: 6816 | CK61: 13853 | CL61: 10984 | CM61: 8646 | CN61: 9467 | CO61: 13378 | CP61: =SUM(CI61:CO61) -> 66706 | CQ61: ='Historic Data'!CZ58 -> 64597 | CS61: 45992 | CT61: 4804 | CU61: 8187 | CV61: 17151 | CW61: 13870 | CX61: 11819 | CY61: 12820 | CZ61: 16601 | DA61: =SUM(CT61:CZ61) -> 85252 | DB61: ='Historic Data'!DL58 -> 92600 | DD61: 45992 | DE61: 38282 | DF61: 59455 | DG61: 122681 | DH61: 98684 | DI61: 89309 | DJ61: 91388 | DK61: 128216 | DL61: =SUM(DE61:DK61) -> 628015 | DM61: ='Historic Data'!DX58 -> 639940 | DO61: 45992 | DY61: 45992 | EI61: 45992 | ES61: 45992 | FC61: 45992

Sheet Region 2025 Data
B2: T3 Sales Visits
C3: Mountain Region | D3: Mid Atlantic Region | E3: South Region | F3: Central Region | G3: West Region | H3: South Central Region | I3: East Region | J3: Sum of Regions | K3: National
B4: Jan - Dec '25 | C4: 1382533 | D4: 2100926 | E4: 5302232 | F4: 2574418 | G4: 2473390 | H4: 3576439 | I4: 3338475 | J4: 20748413 | K4: 20758263
B5: 25 Sig Even Months | C5: 607242 | D5: 920836 | E5: 2361144 | F5: 1109115 | G5: 1071680 | H5: 1585955 | I5: 1418404 | J5: 9074376 | K5: 9082638
B6: 25 Non-Sig Even Months | C6: 775291 | D6: 1180090 | E6: 2941088 | F6: 1465303 | G6: 1401710 | H6: 1990484 | I6: 1920071 | J6: 11674037 | K6: 11675625
B7: Action to Sales Rates
B8: 25 Sig Even Months | C8: 0.0032178275 | D8: 0.0033426148 | E8: 0.0037765592 | F8: 0.0038066386 | G8: 0.0050593461 | H8: 0.0027541765 | I8: 0.0047870705 | J8: 0.0038478679 | K8: 0.0038443677
B9: 25 Non-Sig Even Months | C9: 0.0030646557 | D9: 0.0029328272 | E9: 0.0033358403 | F9: 0.0034088513 | G9: 0.0042191323 | H9: 0.0024159953 | I9: 0.0038441287 | J9: 0.0033550519 | K9: 0.0033545956
B10: % of total FY: | C10: 0.066633193 | D10: 0.10125719 | E10: 0.2555488 | F10: 0.12407783 | G10: 0.11920864 | H10: 0.17237169 | I10: 0.16090267 | J10: 1 | K10: 1
B12: T3 VDPs | C12: T3 VDPs
C13: Mountain Region | D13: Mid Atlantic Region | E13: South Region | F13: Central Region | G13: West Region | H13: South Central Region | I13: East Region | J13: Sum of Regions | K13: National
B14: Jan - Dec '25 | C14: 782879 | D14: 1502872 | E14: 3410524 | F14: 1670443 | G14: 1621384 | H14: 1960699 | I14: 2225417 | J14: 13174218 | K14: 13177283
B15: 25 Sig Even Months | C15: 339255 | D15: 653047 | E15: 1547497 | F15: 729763 | G15: 691721 | H15: 874382 | I15: 946814 | J15: 5782479 | K15: 5784968
B16: 25 Non-Sig Even Months | C16: 443624 | D16: 849825 | E16: 1863027 | F16: 940680 | G16: 929663 | H16: 1086317 | I16: 1278603 | J16: 7391739 | K16: 7392315
B17: Action to Sales Rates
B18: 25 Sig Even Months | C18: 0.0057596793 | D18: 0.0047132902 | E18: 0.0057622083 | F18: 0.0057854399 | G18: 0.0078384204 | H18: 0.0049955283 | I18: 0.0071714191 | J18: 0.0060384136 | K18: 0.0060358156
B19: 25 Non-Sig Even Months | C19: 0.005355887 | D19: 0.0040726032 | E19: 0.0052661609 | F19: 0.0053099885 | G19: 0.006361445 | H19: 0.0044268846 | I19: 0.0057727066 | J19: 0.0052987531 | K19: 0.0052983402
B20: % of total FY: | C20: 0.059425083 | D20: 0.11407675 | E20: 0.25887867 | F20: 0.12679637 | G20: 0.1230725 | H20: 0.14882849 | I20: 0.16892213 | J20: 1 | K20: 1
B22: 2026 HVAs |T1 to T3 Referrals
C23: Mountain Region | D23: Mid Atlantic Region | E23: South Region | F23: Central Region | G23: West Region | H23: South Central Region | I23: East Region | J23: Sum of Regions | K23: National
B24: Jan - Dec '25 | C24: 42281 | D24: 92549 | E24: 170076 | F24: 161651 | G24: 113588 | H24: 121094 | I24: 197822 | J24: 899061 | K24: 919897
B25: 25 Sig Even Months | C25: 14554 | D25: 30387 | E25: 57719 | F25: 51260 | G25: 37094 | H25: 39100 | I25: 63190 | J25: 293304 | K25: 299076
B26: 25 Non-Sig Even Months | C26: 27727 | D26: 62162 | E26: 112357 | F26: 110391 | G26: 76494 | H26: 81994 | I26: 134632 | J26: 605757 | K26: 620821
B27: Action - Sales Rates
B28: 25 Sig Even Months | C28: 0.11151573 | D28: 0.082041663 | E28: 0.12841525 | F28: 0.066562622 | G28: 0.12098992 | H28: 0.093964194 | I28: 0.088384238 | J28: 0.098249598 | K28: 0.096353435
B29: 25 Non-Sig Even Months | C29: 0.097630468 | D29: 0.065087996 | E29: 0.10071469 | F29: 0.052585809 | G29: 0.089523361 | H29: 0.067114667 | I29: 0.063773843 | J29: 0.074727985 | K29: 0.072914737
B30: % of total FY: | C30: 0.047027955 | D30: 0.10293962 | E30: 0.1891707 | F30: 0.17979981 | G30: 0.1263407 | H30: 0.13468941 | I30: 0.22003179 | J30: 1 | K30: 1
B32: 2026 HVAs |T1 VDP Visits
C33: Mountain Region | D33: Mid Atlantic Region | E33: South Region | F33: Central Region | G33: West Region | H33: South Central Region | I33: East Region | J33: Sum of Regions | K33: National
B34: Jan - Dec '25 | C34: 46913 | D34: 90064 | E34: 169826 | F34: 158478 | G34: 124581 | H34: 128477 | I34: 196425 | J34: 914764 | K34: 923377
B35: 25 Sig Even Months | C35: 17879 | D35: 32580 | E35: 63704 | F35: 56387 | G35: 45896 | H35: 46952 | I35: 70280 | J35: 333678 | K35: 336553
B36: 25 Non-Sig Even Months | C36: 29034 | D36: 57484 | E36: 106122 | F36: 102091 | G36: 78685 | H36: 81525 | I36: 126145 | J36: 581086 | K36: 586824
B37: Action - Sales Rates
B38: 25 Sig Even Months | C38: 0.090776889 | D38: 0.076519337 | E38: 0.11635062 | F38: 0.060510401 | G38: 0.097786299 | H38: 0.078250128 | I38: 0.079467843 | J38: 0.086361702 | K38: 0.085623958
B39: 25 Non-Sig Even Months | C39: 0.093235517 | D39: 0.070384803 | E39: 0.10663199 | F39: 0.056861036 | G39: 0.087030565 | H39: 0.067500767 | I39: 0.068064529 | J39: 0.077900689 | K39: 0.077138972
B40: % of total FY: | C40: 0.051284266 | D40: 0.098455995 | E40: 0.18565007 | F40: 0.17324468 | G40: 0.13618922 | H40: 0.14044825 | I40: 0.21472751 | J40: 1 | K40: 1
B42: 2026 MVAs | (total 5x actions)
C43: Mountain Region | D43: Mid Atlantic Region | E43: South Region | F43: Central Region | G43: West Region | H43: South Central Region | I43: East Region | J43: Sum of Regions | K43: National
B44: Jan - Dec '25 | C44: 359856 | D44: 584457 | E44: 1103246 | F44: 1032905 | G44: 879558 | H44: 844887 | I44: 1410224 | J44: 6215133 | K44: 6374314
B45: 25 Sig Even Months | C45: 139243 | D45: 220667 | E45: 430789 | F45: 385348 | G45: 332040 | H45: 323709 | I45: 511648 | J45: 2343444 | K45: 2395842
B46: 25 Non-Sig Even Months | C46: 220613 | D46: 363790 | E46: 672457 | F46: 647557 | G46: 547518 | H46: 521178 | I46: 898576 | J46: 3871689 | K46: 3978472
B47: Action - Sales Rates
B48: 25 Sig Even Months | C48: 0.011655882 | D48: 0.011297566 | E48: 0.017205639 | F48: 0.0088543343 | G48: 0.013516444 | H48: 0.0113497 | I48: 0.010915708 | J48: 0.012296859 | K48: 0.012027922
B49: 25 Non-Sig Even Months | C49: 0.012270356 | D49: 0.011121801 | E49: 0.016827842 | F49: 0.0089644618 | G49: 0.012507351 | H49: 0.010558773 | I49: 0.0095551183 | J49: 0.011691797 | K49: 0.011377986
B50: % of total FY '25: | C50: 0.057899968 | D50: 0.09403773 | E50: 0.17750964 | F50: 0.16619194 | G50: 0.14151877 | H50: 0.13594029 | I50: 0.22690166 | J50: 1 | K50: 1

Sheet Goal Methodology
B2: Metric | E2: Methodology
B3: Consideration | C3: Secondary | D3: T1 Visits | E3: Apply the ’25 sig / non-sig event month MVA-to-Visit ratio to ’26 monthly MVA goals.
D4: G.com VLP Vol | E4: Apply the ’25 sig / non-sig event month MVA-to-VLP ratio to ’26 monthly MVA goals.
B5: Research | C5: Primary | D5: Qualified Research Volume | E5: Calculate the total by summing T1 MVA goals and Endemic VDP goals (Endemic VDPs = sum across models). Weight the total using ’25 sales correlation (75% T1 MVAs / 25% Endemic VDPs).
D6: T1 MVAs | E6: Apply the ’25 sig / non-sig event month T1 MVA-to-Sales ratio to ’26 monthly Sales goals.
D7: Endemic VDPs | E7: Apply the ’25 sig / non-sig event month Endemic VDP-to-Sales ratio to ’26 monthly Sales goals.
C8: Secondary | D8: INM T1 MVAs | E8: Apply the ’25 sig / non-sig event month INM T1 MVA contribution to ’26 monthly T1 MVA goals.
B9: Shop | C9: Primary | D9: Qualified Shopping Volume | E9: Calculate the total by summing T3 Referral, T1 VDP (sum across models), and T3 Sales Visit goals. Weight each component using its respective ’25 Sales correlation.
D10: T1 to T3 Referral | E10: Apply the ’25 sig / non-sig event month T3 Referral-to-Sales ratio to ’26 monthly Sales goals.
D11: T1/T3 VDPs (T3 VDPs model level only) | E11: Apply the ’25 sig / non-sig event month VDP-to-Sales ratio to ’26 monthly Sales goals. Note: T3 Metrics include July '25 (whereas T1 does not)
D12: T3 Sales Visits (total level only) | E12: Apply the ’25 sig / non-sig event month T3 Sales Visit-to-Sales ratio to ’26 monthly Sales goals. Note: T3 Metrics include July '25 (whereas T1 does not)
C13: Monitoring | D13: T1 Unique Leads | E13: Apply ’25 sig / non-sig event month close rates and Lead-to-Sales contribution to ’26 monthly Sales goals.
B15: Notes | C15: Region Breakouts | E15: Regional and region–model goals reflect 2025 national conversion performance and 2026 sales allocation and model mix. They do not incorporate historical conversion rate differences at the regional or region–model level.

Sheet Region OP Sales Goals
B2: BRAND | C2: Model | D2: Jan | E2: Feb | F2: Mar | G2: Apr | H2: May | I2: Jun | J2: Jul | K2: Aug | L2: Sep | M2: Oct | N2: Nov | O2: Dec | P2: TOTAL | R2: Region Carflow 2+10 Final
C3: G70
C4: G80 | AH4: <-- BP
C5: GV90
C6: G90
C7: GV60
C8: GV70
C9: GV70 EV
C10: GV80 Coupe
C11: GV80
C12: TOTAL
C15: Region | D15: Jan | E15: Feb | F15: Mar | G15: Apr | H15: May | I15: Jun | J15: Jul | K15: Aug | L15: Sep | M15: Oct | N15: Nov | O15: Dec | P15: TOTAL | R15: Region | S15: Jan | T15: Feb | U15: Mar | V15: Apr | W15: May | X15: Jun | Y15: Jul | Z15: Aug | AA15: Sep | AB15: Oct | AC15: Nov | AD15: Dec | AE15: TOTAL
C16: CE | D16: 585 | E16: 704 | F16: 865 | G16: 542 | H16: 733 | I16: 784 | J16: 706 | K16: 732 | L16: 853 | M16: 848 | N16: 833 | O16: 803 | P16: 9009 | R16: CE | S16: =D16/D23 -> 0.12074303 | T16: =E16/E23 -> 0.1348659 | U16: =F16/F23 -> 0.13348765 | V16: =G16/G23 -> 0.089809445 | W16: =H16/H23 -> 0.10811209 | X16: =I16/I23 -> 0.11597633 | Y16: =J16/J23 -> 0.11996602 | Z16: =K16/K23 -> 0.11970564 | ... AE16: =P16/P23 -> 0.11742548
C17: EA | D17: 935 | E17: 1015 | F17: 1284 | G17: 1306 | H17: 1218 | I17: 1212 | J17: 1088 | K17: 1127 | L17: 1341 | M17: 1311 | N17: 1290 | O17: 1260 | P17: 14926 | R17: EA | S17: =D17/D23 -> 0.19298246 | T17: =E17/E23 -> 0.19444444 | U17: =F17/F23 -> 0.19814815 | V17: =G17/G23 -> 0.21640431 | W17: =H17/H23 -> 0.17964602 | X17: =I17/I23 -> 0.17928994 | Y17: =J17/J23 -> 0.18487681 | Z17: =K17/K23 -> 0.1843009 | ... AE17: =P17/P23 -> 0.19454908
C18: MA | D18: 415 | E18: 470 | F18: 570 | G18: 484 | H18: 537 | I18: 536 | J18: 487 | K18: 511 | L18: 599 | M18: 603 | N18: 587 | O18: 578 | P18: 6440 | R18: MA | S18: =D18/D23 -> 0.085655315 | T18: =E18/E23 -> 0.090038314 | U18: =F18/F23 -> 0.087962963 | V18: =G18/G23 -> 0.08019884 | W18: =H18/H23 -> 0.07920354 | X18: =I18/I23 -> 0.079289941 | Y18: =J18/J23 -> 0.082752761 | Z18: =K18/K23 -> 0.083565004 | ... AE18: =P18/P23 -> 0.083940512
C19: MS | D19: 255 | E19: 290 | F19: 355 | G19: 294 | H19: 349 | I19: 397 | J19: 355 | K19: 376 | L19: 415 | M19: 411 | N19: 394 | O19: 382 | P19: 4398 | R19: MS | S19: =D19/D23 -> 0.052631579 | T19: =E19/E23 -> 0.055555556 | U19: =F19/F23 -> 0.054783951 | V19: =G19/G23 -> 0.048715824 | W19: =H19/H23 -> 0.051474926 | X19: =I19/I23 -> 0.058727811 | Y19: =J19/J23 -> 0.060322855 | Z19: =K19/K23 -> 0.061488144 | ... AE19: =P19/P23 -> 0.057324592
C20: SC | D20: 630 | E20: 675 | F20: 825 | G20: 695 | H20: 885 | I20: 848 | J20: 726 | K20: 754 | L20: 867 | M20: 854 | N20: 839 | O20: 818 | P20: 9473 | R20: SC | S20: =D20/D23 -> 0.13003096 | T20: =E20/E23 -> 0.12931034 | U20: =F20/F23 -> 0.12731481 | V20: =G20/G23 -> 0.11516156 | W20: =H20/H23 -> 0.13053097 | X20: =I20/I23 -> 0.12544379 | Y20: =J20/J23 -> 0.12336449 | Z20: =K20/K23 -> 0.12330335 | ... AE20: =P20/P23 -> 0.12347336
C21: SO | D21: 1310 | E21: 1251 | F21: 1621 | G21: 1629 | H21: 1875 | I21: 1835 | J21: 1543 | K21: 1606 | L21: 1804 | M21: 1754 | N21: 1724 | O21: 1695 | P21: 19786 | R21: SO | S21: =D21/D23 -> 0.27038184 | T21: =E21/E23 -> 0.23965517 | U21: =F21/F23 -> 0.25015432 | V21: =G21/G23 -> 0.26992543 | W21: =H21/H23 -> 0.27654867 | X21: =I21/I23 -> 0.2714497 | Y21: =J21/J23 -> 0.26219201 | Z21: =K21/K23 -> 0.26263287 | ... AE21: =P21/P23 -> 0.25789549
C22: WE | D22: 715 | E22: 815 | F22: 960 | G22: 1085 | H22: 1183 | I22: 1148 | J22: 980 | K22: 1009 | L22: 1106 | M22: 1059 | N22: 1058 | O22: 1029 | P22: 12541 | R22: WE | S22: =D22/D23 -> 0.14757482 | T22: =E22/E23 -> 0.15613027 | U22: =F22/F23 -> 0.14814815 | V22: =G22/G23 -> 0.17978459 | W22: =H22/H23 -> 0.17448378 | X22: =I22/I23 -> 0.16982249 | Y22: =J22/J23 -> 0.16652506 | Z22: =K22/K23 -> 0.16500409 | ... AE22: =P22/P23 -> 0.16346242
C23: TOTAL | D23: 4845 | E23: 5220 | F23: 6480 | G23: 6035 | H23: 6780 | I23: 6760 | J23: 5885 | K23: 6115 | L23: 6985 | M23: 6840 | N23: 6725 | O23: 6565 | P23: 76721 | R23: TOTAL | S23: =D23/D23 -> 1 | T23: =E23/E23 -> 1 | U23: =F23/F23 -> 1 | V23: =G23/G23 -> 1 | W23: =H23/H23 -> 1 | X23: =I23/I23 -> 1 | Y23: =J23/J23 -> 1 | Z23: =K23/K23 -> 1 | ... AE23: =P23/P23 -> 1
B26: G70 | C26: Region | D26: Jan | E26: Feb | F26: Mar | G26: Apr | H26: May | I26: Jun | J26: Jul | K26: Aug | L26: Sep | M26: Oct | N26: Nov | O26: Dec | P26: TOTAL | R26: Region | S26: Jan | T26: Feb | U26: Mar | V26: Apr | W26: May | X26: Jun | Y26: Jul | Z26: Aug | AA26: Sep | AB26: Oct | AC26: Nov | AD26: Dec | AE26: TOTAL
C27: CE | D27: 66 | E27: 62 | F27: 82 | G27: 74 | H27: 82 | I27: 74 | J27: 80 | K27: 78 | L27: 77 | M27: 78 | N27: 70 | O27: 82 | P27: 910 | R27: CE | S27: =D27/D34 -> 0.11785714 | T27: =E27/E34 -> 0.10508475 | U27: =F27/F34 -> 0.10649351 | V27: =G27/G34 -> 0.10571429 | W27: =H27/H34 -> 0.10512821 | X27: =I27/I34 -> 0.10571429 | Y27: =J27/J34 -> 0.10526316 | Z27: =K27/K34 -> 0.10540541 | ... AE27: =P27/P34 -> 0.10522664
C28: EA | D28: 121 | E28: 115 | F28: 159 | G28: 142 | H28: 159 | I28: 142 | J28: 155 | K28: 151 | L28: 149 | M28: 150 | N28: 135 | O28: 159 | P28: 1786 | R28: EA | S28: =D28/D34 -> 0.21607143 | T28: =E28/E34 -> 0.19491525 | U28: =F28/F34 -> 0.20649351 | V28: =G28/G34 -> 0.20285714 | W28: =H28/H34 -> 0.20384615 | X28: =I28/I34 -> 0.20285714 | Y28: =J28/J34 -> 0.20394737 | Z28: =K28/K34 -> 0.20405405 | ... AE28: =P28/P34 -> 0.20652174
C29: MA | D29: 45 | E29: 55 | F29: 59 | G29: 58 | H29: 65 | I29: 58 | J29: 63 | K29: 61 | L29: 60 | M29: 61 | N29: 55 | O29: 65 | P29: 693 | R29: MA | S29: =D29/D34 -> 0.080357143 | T29: =E29/E34 -> 0.093220339 | U29: =F29/F34 -> 0.076623377 | V29: =G29/G34 -> 0.082857143 | W29: =H29/H34 -> 0.083333333 | X29: =I29/I34 -> 0.082857143 | Y29: =J29/J34 -> 0.082894737 | Z29: =K29/K34 -> 0.082432432 | ... AE29: =P29/P34 -> 0.080134135
C30: MS | D30: 22 | E30: 20 | F30: 33 | G30: 29 | H30: 32 | I30: 29 | J30: 31 | K30: 30 | L30: 30 | M30: 30 | N30: 27 | O30: 32 | P30: 347 | R30: MS | S30: =D30/D34 -> 0.039285714 | T30: =E30/E34 -> 0.033898305 | U30: =F30/F34 -> 0.042857143 | V30: =G30/G34 -> 0.041428571 | W30: =H30/H34 -> 0.041025641 | X30: =I30/I34 -> 0.041428571 | Y30: =J30/J34 -> 0.040789474 | Z30: =K30/K34 -> 0.040540541 | ... AE30: =P30/P34 -> 0.040124884
C31: SC | D31: 57 | E31: 81 | F31: 91 | G31: 80 | H31: 89 | I31: 80 | J31: 86 | K31: 84 | L31: 83 | M31: 84 | N31: 76 | O31: 89 | P31: 941 | R31: SC | S31: =D31/D34 -> 0.10178571 | T31: =E31/E34 -> 0.13728814 | U31: =F31/F34 -> 0.11818182 | V31: =G31/G34 -> 0.11428571 | W31: =H31/H34 -> 0.11410256 | X31: =I31/I34 -> 0.11428571 | Y31: =J31/J34 -> 0.11315789 | Z31: =K31/K34 -> 0.11351351 | ... AE31: =P31/P34 -> 0.10881129
C32: SO | D32: 163 | E32: 156 | F32: 219 | G32: 199 | H32: 222 | I32: 199 | J32: 216 | K32: 211 | L32: 208 | M32: 209 | N32: 189 | O32: 222 | P32: 2498 | R32: SO | S32: =D32/D34 -> 0.29107143 | T32: =E32/E34 -> 0.26440678 | U32: =F32/F34 -> 0.28441558 | V32: =G32/G34 -> 0.28428571 | W32: =H32/H34 -> 0.28461538 | X32: =I32/I34 -> 0.28428571 | Y32: =J32/J34 -> 0.28421053 | Z32: =K32/K34 -> 0.28513514 | ... AE32: =P32/P34 -> 0.28885291
C33: WE | D33: 86 | E33: 101 | F33: 127 | G33: 118 | H33: 131 | I33: 118 | J33: 129 | K33: 125 | L33: 123 | M33: 123 | N33: 113 | O33: 131 | P33: 1464 | R33: WE | S33: =D33/D34 -> 0.15357143 | T33: =E33/E34 -> 0.17118644 | U33: =F33/F34 -> 0.16493506 | V33: =G33/G34 -> 0.16857143 | W33: =H33/H34 -> 0.16794872 | X33: =I33/I34 -> 0.16857143 | Y33: =J33/J34 -> 0.16973684 | Z33: =K33/K34 -> 0.16891892 | ... AE33: =P33/P34 -> 0.1692877
C34: Total | D34: 560 | E34: 590 | F34: 770 | G34: 700 | H34: 780 | I34: 700 | J34: 760 | K34: 740 | L34: 730 | M34: 735 | N34: 665 | O34: 780 | P34: 8648 | R34: TOTAL | S34: =D34/D34 -> 1 | T34: =E34/E34 -> 1 | U34: =F34/F34 -> 1 | V34: =G34/G34 -> 1 | W34: =H34/H34 -> 1 | X34: =I34/I34 -> 1 | Y34: =J34/J34 -> 1 | Z34: =K34/K34 -> 1 | ... AE34: =P34/P34 -> 1
B37: G80 | C37: Region | D37: Jan | E37: Feb | F37: Mar | G37: Apr | H37: May | I37: Jun | J37: Jul | K37: Aug | L37: Sep | M37: Oct | N37: Nov | O37: Dec | P37: TOTAL | R37: Region | S37: Jan | T37: Feb | U37: Mar | V37: Apr | W37: May | X37: Jun | Y37: Jul | Z37: Aug | AA37: Sep | AB37: Oct | AC37: Nov | AD37: Dec | AE37: TOTAL
C38: CE | D38: 35 | E38: 35 | F38: 44 | G38: 38 | H38: 40 | I38: 38 | J38: 34 | K38: 39 | L38: 45 | M38: 47 | N38: 43 | O38: 54 | P38: 486 | R38: CE | S38: =D38/D45 -> 0.13461538 | T38: =E38/E45 -> 0.125 | U38: =F38/F45 -> 0.12571429 | V38: =G38/G45 -> 0.12459016 | W38: =H38/H45 -> 0.125 | X38: =I38/I45 -> 0.12666667 | Y38: =J38/J45 -> 0.12592593 | Z38: =K38/K45 -> 0.12621359 | ... AE38: =P38/P45 -> 0.12548412
C39: EA | D39: 50 | E39: 54 | F39: 70 | G39: 58 | H39: 61 | I39: 57 | J39: 51 | K39: 59 | L39: 68 | M39: 70 | N39: 65 | O39: 82 | P39: 708 | R39: EA | S39: =D39/D45 -> 0.19230769 | T39: =E39/E45 -> 0.19285714 | U39: =F39/F45 -> 0.2 | V39: =G39/G45 -> 0.19016393 | W39: =H39/H45 -> 0.190625 | X39: =I39/I45 -> 0.19 | Y39: =J39/J45 -> 0.18888889 | Z39: =K39/K45 -> 0.19093851 | ... AE39: =P39/P45 -> 0.18280403
C40: MA | D40: 26 | E40: 25 | F40: 33 | G40: 27 | H40: 29 | I40: 27 | J40: 24 | K40: 28 | L40: 32 | M40: 33 | N40: 30 | O40: 39 | P40: 343 | R40: MA | S40: =D40/D45 -> 0.1 | T40: =E40/E45 -> 0.089285714 | U40: =F40/F45 -> 0.094285714 | V40: =G40/G45 -> 0.08852459 | W40: =H40/H45 -> 0.090625 | X40: =I40/I45 -> 0.09 | Y40: =J40/J45 -> 0.088888889 | Z40: =K40/K45 -> 0.090614887 | ... AE40: =P40/P45 -> 0.088561838
C41: MS | D41: 9 | E41: 13 | F41: 14 | G41: 13 | H41: 14 | I41: 13 | J41: 12 | K41: 13 | L41: 15 | M41: 16 | N41: 15 | O41: 19 | P41: 167 | R41: MS | S41: =D41/D45 -> 0.034615385 | T41: =E41/E45 -> 0.046428571 | U41: =F41/F45 -> 0.04 | V41: =G41/G45 -> 0.042622951 | W41: =H41/H45 -> 0.04375 | X41: =I41/I45 -> 0.043333333 | Y41: =J41/J45 -> 0.044444444 | Z41: =K41/K45 -> 0.042071197 | ... AE41: =P41/P45 -> 0.043119029
C42: SC | D42: 28 | E42: 34 | F42: 42 | G42: 38 | H42: 40 | I42: 37 | J42: 33 | K42: 38 | L42: 44 | M42: 46 | N42: 42 | O42: 53 | P42: 461 | R42: SC | S42: =D42/D45 -> 0.10769231 | T42: =E42/E45 -> 0.12142857 | U42: =F42/F45 -> 0.12 | V42: =G42/G45 -> 0.12459016 | W42: =H42/H45 -> 0.125 | X42: =I42/I45 -> 0.12333333 | Y42: =J42/J45 -> 0.12222222 | Z42: =K42/K45 -> 0.12297735 | ... AE42: =P42/P45 -> 0.11902918
C43: SO | D43: 72 | E43: 78 | F43: 96 | G43: 86 | H43: 89 | I43: 84 | J43: 76 | K43: 87 | L43: 100 | M43: 104 | N43: 95 | O43: 121 | P43: 1116 | R43: SO | S43: =D43/D45 -> 0.27692308 | T43: =E43/E45 -> 0.27857143 | U43: =F43/F45 -> 0.27428571 | V43: =G43/G45 -> 0.28196721 | W43: =H43/H45 -> 0.278125 | X43: =I43/I45 -> 0.28 | Y43: =J43/J45 -> 0.28148148 | Z43: =K43/K45 -> 0.2815534 | ... AE43: =P43/P45 -> 0.28814872
C44: WE | D44: 40 | E44: 41 | F44: 51 | G44: 45 | H44: 47 | I44: 44 | J44: 40 | K44: 45 | L44: 51 | M44: 54 | N44: 50 | O44: 62 | P44: 580 | R44: WE | S44: =D44/D45 -> 0.15384615 | T44: =E44/E45 -> 0.14642857 | U44: =F44/F45 -> 0.14571429 | V44: =G44/G45 -> 0.14754098 | W44: =H44/H45 -> 0.146875 | X44: =I44/I45 -> 0.14666667 | Y44: =J44/J45 -> 0.14814815 | Z44: =K44/K45 -> 0.14563107 | ... AE44: =P44/P45 -> 0.14975471
C45: Total | D45: 260 | E45: 280 | F45: 350 | G45: 305 | H45: 320 | I45: 300 | J45: 270 | K45: 309 | L45: 355 | M45: 370 | N45: 340 | O45: 430 | P45: 3873 | R45: TOTAL | S45: =D45/D45 -> 1 | T45: =E45/E45 -> 1 | U45: =F45/F45 -> 1 | V45: =G45/G45 -> 1 | W45: =H45/H45 -> 1 | X45: =I45/I45 -> 1 | Y45: =J45/J45 -> 1 | Z45: =K45/K45 -> 1 | ... AE45: =P45/P45 -> 1
B48: GV90 | C48: Region | D48: Jan | E48: Feb | F48: Mar | G48: Apr | H48: May | I48: Jun | J48: Jul | K48: Aug | L48: Sep | M48: Oct | N48: Nov | O48: Dec | P48: TOTAL | R48: Region | S48: Jan | T48: Feb | U48: Mar | V48: Apr | W48: May | X48: Jun | Y48: Jul | Z48: Aug | AA48: Sep | AB48: Oct | AC48: Nov | AD48: Dec | AE48: TOTAL
C49: CE | D49: 0 | E49: 0 | F49: 0 | G49: 0 | H49: 0 | I49: 0 | J49: 0 | K49: 0 | L49: 0 | M49: 0 | N49: 0 | O49: 0 | P49: 0 | R49: CE
C50: EA | D50: 0 | E50: 0 | F50: 0 | G50: 0 | H50: 0 | I50: 0 | J50: 0 | K50: 0 | L50: 0 | M50: 0 | N50: 0 | O50: 0 | P50: 0 | R50: EA
C51: MA | D51: 0 | E51: 0 | F51: 0 | G51: 0 | H51: 0 | I51: 0 | J51: 0 | K51: 0 | L51: 0 | M51: 0 | N51: 0 | O51: 0 | P51: 0 | R51: MA
C52: MS | D52: 0 | E52: 0 | F52: 0 | G52: 0 | H52: 0 | I52: 0 | J52: 0 | K52: 0 | L52: 0 | M52: 0 | N52: 0 | O52: 0 | P52: 0 | R52: MS
C53: SC | D53: 0 | E53: 0 | F53: 0 | G53: 0 | H53: 0 | I53: 0 | J53: 0 | K53: 0 | L53: 0 | M53: 0 | N53: 0 | O53: 0 | P53: 0 | R53: SC
C54: SO | D54: 0 | E54: 0 | F54: 0 | G54: 0 | H54: 0 | I54: 0 | J54: 0 | K54: 0 | L54: 0 | M54: 0 | N54: 0 | O54: 0 | P54: 0 | R54: SO
C55: WE | D55: 0 | E55: 0 | F55: 0 | G55: 0 | H55: 0 | I55: 0 | J55: 0 | K55: 0 | L55: 0 | M55: 0 | N55: 0 | O55: 0 | P55: 0 | R55: WE
C56: Total | D56: 0 | E56: 0 | F56: 0 | G56: 0 | H56: 0 | I56: 0 | J56: 0 | K56: 0 | L56: 0 | M56: 0 | N56: 0 | O56: 0 | P56: 0 | R56: TOTAL
B59: G90 | C59: Region | D59: Jan | E59: Feb | F59: Mar | G59: Apr | H59: May | I59: Jun | J59: Jul | K59: Aug | L59: Sep | M59: Oct | N59: Nov | O59: Dec | P59: TOTAL | R59: Region | S59: Jan | T59: Feb | U59: Mar | V59: Apr | W59: May | X59: Jun | Y59: Jul | Z59: Aug | AA59: Sep | AB59: Oct | AC59: Nov | AD59: Dec | AE59: TOTAL
C60: CE | D60: 15 | E60: 15 | F60: 16 | G60: 13 | H60: 14 | I60: 15 | J60: 16 | K60: 17 | L60: 14 | M60: 15 | N60: 15 | O60: 19 | P60: 176 | R60: CE | S60: =D60/D67 -> 0.13636364 | T60: =E60/E67 -> 0.10714286 | U60: =F60/F67 -> 0.1 | V60: =G60/G67 -> 0.1 | W60: =H60/H67 -> 0.1 | X60: =I60/I67 -> 0.1056338 | Y60: =J60/J67 -> 0.1 | Z60: =K60/K67 -> 0.1 | ... AE60: =P60/P67 -> 0.10438909
C61: EA | D61: 17 | E61: 21 | F61: 25 | G61: 19 | H61: 21 | I61: 21 | J61: 24 | K61: 25 | L61: 21 | M61: 22 | N61: 22 | O61: 27 | P61: 250 | R61: EA | S61: =D61/D67 -> 0.15454545 | T61: =E61/E67 -> 0.15 | U61: =F61/F67 -> 0.15625 | V61: =G61/G67 -> 0.14615385 | W61: =H61/H67 -> 0.15 | X61: =I61/I67 -> 0.14788732 | Y61: =J61/J67 -> 0.15 | Z61: =K61/K67 -> 0.14705882 | ... AE61: =P61/P67 -> 0.14827995
C62: MA | D62: 9 | E62: 11 | F62: 13 | G62: 10 | H62: 11 | I62: 11 | J62: 12 | K62: 13 | L62: 11 | M62: 12 | N62: 12 | O62: 14 | P62: 131 | R62: MA | S62: =D62/D67 -> 0.081818182 | T62: =E62/E67 -> 0.078571429 | U62: =F62/F67 -> 0.08125 | V62: =G62/G67 -> 0.076923077 | W62: =H62/H67 -> 0.078571429 | X62: =I62/I67 -> 0.077464789 | Y62: =J62/J67 -> 0.075 | Z62: =K62/K67 -> 0.076470588 | ... AE62: =P62/P67 -> 0.077698695
C63: MS | D63: 2 | E63: 6 | F63: 7 | G63: 7 | H63: 6 | I63: 6 | J63: 7 | K63: 7 | L63: 6 | M63: 6 | N63: 6 | O63: 8 | P63: 65 | R63: MS | S63: =D63/D67 -> 0.018181818 | T63: =E63/E67 -> 0.042857143 | U63: =F63/F67 -> 0.04375 | V63: =G63/G67 -> 0.053846154 | W63: =H63/H67 -> 0.042857143 | X63: =I63/I67 -> 0.042253521 | Y63: =J63/J67 -> 0.04375 | Z63: =K63/K67 -> 0.041176471 | ... AE63: =P63/P67 -> 0.038552788
C64: SC | D64: 18 | E64: 21 | F64: 26 | G64: 20 | H64: 22 | I64: 22 | J64: 25 | K64: 26 | L64: 22 | M64: 23 | N64: 23 | O64: 29 | P64: 254 | R64: SC | S64: =D64/D67 -> 0.16363636 | T64: =E64/E67 -> 0.15 | U64: =F64/F67 -> 0.1625 | V64: =G64/G67 -> 0.15384615 | W64: =H64/H67 -> 0.15714286 | X64: =I64/I67 -> 0.15492958 | Y64: =J64/J67 -> 0.15625 | Z64: =K64/K67 -> 0.15294118 | ... AE64: =P64/P67 -> 0.15065243
C65: SO | D65: 29 | E65: 39 | F65: 45 | G65: 36 | H65: 39 | I65: 40 | J65: 45 | K65: 48 | L65: 39 | M65: 42 | N65: 42 | O65: 52 | P65: 472 | R65: SO | S65: =D65/D67 -> 0.26363636 | T65: =E65/E67 -> 0.27857143 | U65: =F65/F67 -> 0.28125 | V65: =G65/G67 -> 0.27692308 | W65: =H65/H67 -> 0.27857143 | X65: =I65/I67 -> 0.28169014 | Y65: =J65/J67 -> 0.28125 | Z65: =K65/K67 -> 0.28235294 | ... AE65: =P65/P67 -> 0.27995255
C66: WE | D66: 20 | E66: 27 | F66: 28 | G66: 25 | H66: 27 | I66: 27 | J66: 31 | K66: 34 | L66: 27 | M66: 30 | N66: 30 | O66: 36 | P66: 332 | R66: WE | S66: =D66/D67 -> 0.18181818 | T66: =E66/E67 -> 0.19285714 | U66: =F66/F67 -> 0.175 | V66: =G66/G67 -> 0.19230769 | W66: =H66/H67 -> 0.19285714 | X66: =I66/I67 -> 0.19014085 | Y66: =J66/J67 -> 0.19375 | Z66: =K66/K67 -> 0.2 | ... AE66: =P66/P67 -> 0.19691578
C67: Total | D67: 110 | E67: 140 | F67: 160 | G67: 130 | H67: 140 | I67: 142 | J67: 160 | K67: 170 | L67: 140 | M67: 150 | N67: 150 | O67: 185 | P67: 1686 | R67: TOTAL | S67: =D67/D67 -> 1 | T67: =E67/E67 -> 1 | U67: =F67/F67 -> 1 | V67: =G67/G67 -> 1 | W67: =H67/H67 -> 1 | X67: =I67/I67 -> 1 | Y67: =J67/J67 -> 1 | Z67: =K67/K67 -> 1 | ... AE67: =P67/P67 -> 1
B70: GV60 | C70: Region | D70: Jan | E70: Feb | F70: Mar | G70: Apr | H70: May | I70: Jun | J70: Jul | K70: Aug | L70: Sep | M70: Oct | N70: Nov | O70: Dec | P70: TOTAL | R70: Region | S70: Jan | T70: Feb | U70: Mar | V70: Apr | W70: May | X70: Jun | Y70: Jul | Z70: Aug | AA70: Sep | AB70: Oct | AC70: Nov | AD70: Dec | AE70: TOTAL
C71: CE | D71: 0 | E71: 5 | F71: 7 | G71: 7 | H71: 3 | I71: 3 | J71: 7 | K71: 8 | L71: 6 | M71: 6 | N71: 8 | O71: 9 | P71: 59 | R71: CE | S71: =D71/D78 -> 0 | T71: =E71/E78 -> 0.055555556 | U71: =F71/F78 -> 0.058333333 | V71: =G71/G78 -> 0.058333333 | W71: =H71/H78 -> 0.02 | X71: =I71/I78 -> 0.021428571 | Y71: =J71/J78 -> 0.05 | Z71: =K71/K78 -> 0.05 | ... AE71: =P71/P78 -> 0.039491299
C72: EA | D72: 1 | E72: 14 | F72: 18 | G72: 19 | H72: 24 | I72: 20 | J72: 17 | K72: 27 | L72: 26 | M72: 32 | N72: 27 | O72: 30 | P72: 224 | R72: EA | S72: =D72/D78 -> 0.066666667 | T72: =E72/E78 -> 0.15555556 | U72: =F72/F78 -> 0.15 | V72: =G72/G78 -> 0.15833333 | W72: =H72/H78 -> 0.16 | X72: =I72/I78 -> 0.14285714 | Y72: =J72/J78 -> 0.12142857 | Z72: =K72/K78 -> 0.16875 | ... AE72: =P72/P78 -> 0.14993307
C73: MA | D73: 0 | E73: 8 | F73: 10 | G73: 10 | H73: 7 | I73: 4 | J73: 8 | K73: 12 | L73: 10 | M73: 9 | N73: 11 | O73: 13 | P73: 84 | R73: MA | S73: =D73/D78 -> 0 | T73: =E73/E78 -> 0.088888889 | U73: =F73/F78 -> 0.083333333 | V73: =G73/G78 -> 0.083333333 | W73: =H73/H78 -> 0.046666667 | X73: =I73/I78 -> 0.028571429 | Y73: =J73/J78 -> 0.057142857 | Z73: =K73/K78 -> 0.075 | ... AE73: =P73/P78 -> 0.0562249
C74: MS | D74: 3 | E74: 11 | F74: 14 | G74: 14 | H74: 18 | I74: 16 | J74: 28 | K74: 21 | L74: 24 | M74: 23 | N74: 22 | O74: 24 | P74: 209 | R74: MS | S74: =D74/D78 -> 0.2 | T74: =E74/E78 -> 0.12222222 | U74: =F74/F78 -> 0.11666667 | V74: =G74/G78 -> 0.11666667 | W74: =H74/H78 -> 0.12 | X74: =I74/I78 -> 0.11428571 | Y74: =J74/J78 -> 0.2 | Z74: =K74/K78 -> 0.13125 | ... AE74: =P74/P78 -> 0.1398929
C75: SC | D75: 0 | E75: 5 | F75: 7 | G75: 7 | H75: 3 | I75: 2 | J75: 6 | K75: 7 | L75: 6 | M75: 5 | N75: 7 | O75: 8 | P75: 51 | R75: SC | S75: =D75/D78 -> 0 | T75: =E75/E78 -> 0.055555556 | U75: =F75/F78 -> 0.058333333 | V75: =G75/G78 -> 0.058333333 | W75: =H75/H78 -> 0.02 | X75: =I75/I78 -> 0.014285714 | Y75: =J75/J78 -> 0.042857143 | Z75: =K75/K78 -> 0.04375 | ... AE75: =P75/P78 -> 0.034136546
C76: SO | D76: 0 | E76: 8 | F76: 12 | G76: 16 | H76: 20 | I76: 19 | J76: 19 | K76: 22 | L76: 23 | M76: 26 | N76: 25 | O76: 24 | P76: 195 | R76: SO | S76: =D76/D78 -> 0 | T76: =E76/E78 -> 0.088888889 | U76: =F76/F78 -> 0.1 | V76: =G76/G78 -> 0.13333333 | W76: =H76/H78 -> 0.13333333 | X76: =I76/I78 -> 0.13571429 | Y76: =J76/J78 -> 0.13571429 | Z76: =K76/K78 -> 0.1375 | ... AE76: =P76/P78 -> 0.13052209
C77: WE | D77: 11 | E77: 39 | F77: 52 | G77: 47 | H77: 75 | I77: 76 | J77: 55 | K77: 63 | L77: 60 | M77: 69 | N77: 65 | O77: 81 | P77: 671 | R77: WE | S77: =D77/D78 -> 0.73333333 | T77: =E77/E78 -> 0.43333333 | U77: =F77/F78 -> 0.43333333 | V77: =G77/G78 -> 0.39166667 | W77: =H77/H78 -> 0.5 | X77: =I77/I78 -> 0.54285714 | Y77: =J77/J78 -> 0.39285714 | Z77: =K77/K78 -> 0.39375 | ... AE77: =P77/P78 -> 0.44912985
C78: Total | D78: 15 | E78: 90 | F78: 120 | G78: 120 | H78: 150 | I78: 140 | J78: 140 | K78: 160 | L78: 155 | M78: 170 | N78: 165 | O78: 189 | P78: 1494 | R78: TOTAL | S78: =D78/D78 -> 1 | T78: =E78/E78 -> 1 | U78: =F78/F78 -> 1 | V78: =G78/G78 -> 1 | W78: =H78/H78 -> 1 | X78: =I78/I78 -> 1 | Y78: =J78/J78 -> 1 | Z78: =K78/K78 -> 1 | ... AE78: =P78/P78 -> 1
B81: GV70 | C81: Region | D81: Jan | E81: Feb | F81: Mar | G81: Apr | H81: May | I81: Jun | J81: Jul | K81: Aug | L81: Sep | M81: Oct | N81: Nov | O81: Dec | P81: TOTAL | R81: Region | S81: Jan | T81: Feb | U81: Mar | V81: Apr | W81: May | X81: Jun | Y81: Jul | Z81: Aug | AA81: Sep | AB81: Oct | AC81: Nov | AD81: Dec | AE81: TOTAL
C82: CE | D82: 251 | E82: 313 | F82: 394 | G82: 341 | H82: 387 | I82: 372 | J82: 366 | K82: 418 | L82: 355 | M82: 339 | N82: 325 | O82: 494 | P82: 4343 | R82: CE | S82: =D82/D89 -> 0.12009569 | T82: =E82/E89 -> 0.14357798 | U82: =F82/F89 -> 0.14223827 | V82: =G82/G89 -> 0.13335941 | W82: =H82/H89 -> 0.13344828 | X82: =I82/I89 -> 0.13338114 | Y82: =J82/J89 -> 0.13357664 | Z82: =K82/K89 -> 0.13350367 | ... AE82: =P82/P89 -> 0.13090394
C83: EA | D83: 434 | E83: 488 | F83: 625 | G83: 567 | H83: 643 | I83: 619 | J83: 608 | K83: 695 | L83: 590 | M83: 563 | N83: 540 | O83: 820 | P83: 7250 | R83: EA | S83: =D83/D89 -> 0.2076555 | T83: =E83/E89 -> 0.22385321 | U83: =F83/F89 -> 0.22563177 | V83: =G83/G89 -> 0.22174423 | W83: =H83/H89 -> 0.22172414 | X83: =I83/I89 -> 0.22194335 | Y83: =J83/J89 -> 0.22189781 | Z83: =K83/K89 -> 0.22197381 | ... AE83: =P83/P89 -> 0.21852488
C84: MA | D84: 167 | E84: 194 | F84: 245 | G84: 227 | H84: 257 | I84: 247 | J84: 243 | K84: 278 | L84: 236 | M84: 225 | N84: 216 | O84: 328 | P84: 2914 | R84: MA | S84: =D84/D89 -> 0.079904306 | T84: =E84/E89 -> 0.088990826 | U84: =F84/F89 -> 0.088447653 | V84: =G84/G89 -> 0.088775909 | W84: =H84/H89 -> 0.08862069 | X84: =I84/I89 -> 0.088562209 | Y84: =J84/J89 -> 0.088686131 | Z84: =K84/K89 -> 0.088789524 | ... AE84: =P84/P89 -> 0.087831932
C85: MS | D85: 112 | E85: 116 | F85: 142 | G85: 142 | H85: 161 | I85: 154 | J85: 152 | K85: 173 | L85: 147 | M85: 141 | N85: 135 | O85: 205 | P85: 1806 | R85: MS | S85: =D85/D89 -> 0.053588517 | T85: =E85/E89 -> 0.053211009 | U85: =F85/F89 -> 0.051263538 | V85: =G85/G89 -> 0.055533829 | W85: =H85/H89 -> 0.055517241 | X85: =I85/I89 -> 0.055216924 | Y85: =J85/J89 -> 0.055474453 | Z85: =K85/K89 -> 0.055253912 | ... AE85: =P85/P89 -> 0.054435302
C86: SC | D86: 283 | E86: 275 | F86: 351 | G86: 322 | H86: 365 | I86: 351 | J86: 345 | K86: 394 | L86: 335 | M86: 320 | N86: 307 | O86: 466 | P86: 4118 | R86: SC | S86: =D86/D89 -> 0.1354067 | T86: =E86/E89 -> 0.12614679 | U86: =F86/F89 -> 0.1267148 | V86: =G86/G89 -> 0.12592882 | W86: =H86/H89 -> 0.12586207 | X86: =I86/I89 -> 0.12585156 | Y86: =J86/J89 -> 0.12591241 | Z86: =K86/K89 -> 0.12583839 | ... AE86: =P86/P89 -> 0.12412213
C87: SO | D87: 583 | E87: 495 | F87: 656 | G87: 619 | H87: 702 | I87: 675 | J87: 663 | K87: 758 | L87: 644 | M87: 615 | N87: 589 | O87: 895 | P87: 8206 | R87: SO | S87: =D87/D89 -> 0.27894737 | T87: =E87/E89 -> 0.22706422 | U87: =F87/F89 -> 0.2368231 | V87: =G87/G89 -> 0.24208056 | W87: =H87/H89 -> 0.24206897 | X87: =I87/I89 -> 0.24202223 | Y87: =J87/J89 -> 0.2419708 | Z87: =K87/K89 -> 0.24209518 | ... AE87: =P87/P89 -> 0.24734002
C88: WE | D88: 260 | E88: 299 | F88: 357 | G88: 339 | H88: 385 | I88: 371 | J88: 363 | K88: 415 | L88: 353 | M88: 337 | N88: 323 | O88: 490 | P88: 4499 | R88: WE | S88: =D88/D89 -> 0.12440191 | T88: =E88/E89 -> 0.13715596 | U88: =F88/F89 -> 0.12888087 | V88: =G88/G89 -> 0.13257724 | W88: =H88/H89 -> 0.13275862 | X88: =I88/I89 -> 0.13302259 | Y88: =J88/J89 -> 0.13248175 | Z88: =K88/K89 -> 0.13254551 | ... AE88: =P88/P89 -> 0.13560599
C89: Total | D89: 2090 | E89: 2180 | F89: 2770 | G89: 2557 | H89: 2900 | I89: 2789 | J89: 2740 | K89: 3131 | L89: 2660 | M89: 2540 | N89: 2435 | O89: 3698 | P89: 33177 | R89: TOTAL | S89: =D89/D89 -> 1 | T89: =E89/E89 -> 1 | U89: =F89/F89 -> 1 | V89: =G89/G89 -> 1 | W89: =H89/H89 -> 1 | X89: =I89/I89 -> 1 | Y89: =J89/J89 -> 1 | Z89: =K89/K89 -> 1 | ... AE89: =P89/P89 -> 1
B92: GV70 EV | C92: Region | D92: Jan | E92: Feb | F92: Mar | G92: Apr | H92: May | I92: Jun | J92: Jul | K92: Aug | L92: Sep | M92: Oct | N92: Nov | O92: Dec | P92: TOTAL | R92: Region | S92: Jan | T92: Feb | U92: Mar | V92: Apr | W92: May | X92: Jun | Y92: Jul | Z92: Aug | AA92: Sep | AB92: Oct | AC92: Nov | AD92: Dec | AE92: TOTAL
C93: CE | D93: 1 | E93: 3 | F93: 0 | G93: 3 | H93: 0 | I93: 3 | J93: 15 | K93: 15 | L93: 14 | M93: 15 | N93: 13 | O93: 17 | P93: 98 | R93: CE | S93: =D93/D100 -> 0.05 | T93: =E93/E100 -> 0.1 | U93: =F93/F100 -> #DIV/0! | V93: =G93/G100 -> 0.16666667 | W93: =H93/H100 -> #DIV/0! | X93: =I93/I100 -> 0.10344828 | Y93: =J93/J100 -> 0.1 | Z93: =K93/K100 -> 0.1 | ... AE93: =P93/P100 -> 0.096837945
C94: EA | D94: 0 | E94: 4 | F94: 0 | G94: 3 | H94: 0 | I94: 4 | J94: 17 | K94: 11 | L94: 21 | M94: 23 | N94: 20 | O94: 25 | P94: 124 | R94: EA | S94: =D94/D100 -> 0 | T94: =E94/E100 -> 0.13333333 | U94: =F94/F100 -> #DIV/0! | V94: =G94/G100 -> 0.16666667 | W94: =H94/H100 -> #DIV/0! | X94: =I94/I100 -> 0.13793103 | Y94: =J94/J100 -> 0.11333333 | Z94: =K94/K100 -> 0.073333333 | ... AE94: =P94/P100 -> 0.12252964
C95: MA | D95: 0 | E95: 3 | F95: 0 | G95: 0 | H95: 0 | I95: 3 | J95: 14 | K95: 7 | L95: 13 | M95: 14 | N95: 12 | O95: 15 | P95: 80 | R95: MA | S95: =D95/D100 -> 0 | T95: =E95/E100 -> 0.1 | U95: =F95/F100 -> #DIV/0! | V95: =G95/G100 -> 0 | W95: =H95/H100 -> #DIV/0! | X95: =I95/I100 -> 0.10344828 | Y95: =J95/J100 -> 0.093333333 | Z95: =K95/K100 -> 0.046666667 | ... AE95: =P95/P100 -> 0.079051383
C96: MS | D96: 1 | E96: 4 | F96: 0 | G96: 3 | H96: 0 | I96: 4 | J96: 18 | K96: 18 | L96: 17 | M96: 19 | N96: 17 | O96: 21 | P96: 128 | R96: MS | S96: =D96/D100 -> 0.05 | T96: =E96/E100 -> 0.13333333 | U96: =F96/F100 -> #DIV/0! | V96: =G96/G100 -> 0.16666667 | W96: =H96/H100 -> #DIV/0! | X96: =I96/I100 -> 0.13793103 | Y96: =J96/J100 -> 0.12 | Z96: =K96/K100 -> 0.12 | ... AE96: =P96/P100 -> 0.12648221
C97: SC | D97: 0 | E97: 1 | F97: 0 | G97: 1 | H97: 0 | I97: 1 | J97: 4 | K97: 4 | L97: 6 | M97: 7 | N97: 6 | O97: 7 | P97: 36 | R97: SC | S97: =D97/D100 -> 0 | T97: =E97/E100 -> 0.033333333 | U97: =F97/F100 -> #DIV/0! | V97: =G97/G100 -> 0.055555556 | W97: =H97/H100 -> #DIV/0! | X97: =I97/I100 -> 0.034482759 | Y97: =J97/J100 -> 0.026666667 | Z97: =K97/K100 -> 0.026666667 | ... AE97: =P97/P100 -> 0.035573123
C98: SO | D98: 3 | E98: 5 | F98: 0 | G98: 2 | H98: 0 | I98: 4 | J98: 23 | K98: 23 | L98: 22 | M98: 24 | N98: 21 | O98: 26 | P98: 154 | R98: SO | S98: =D98/D100 -> 0.15 | T98: =E98/E100 -> 0.16666667 | U98: =F98/F100 -> #DIV/0! | V98: =G98/G100 -> 0.11111111 | W98: =H98/H100 -> #DIV/0! | X98: =I98/I100 -> 0.13793103 | Y98: =J98/J100 -> 0.15333333 | Z98: =K98/K100 -> 0.15333333 | ... AE98: =P98/P100 -> 0.15217391
C99: WE | D99: 15 | E99: 10 | F99: 0 | G99: 6 | H99: 0 | I99: 10 | J99: 59 | K99: 72 | L99: 47 | M99: 53 | N99: 46 | O99: 59 | P99: 392 | R99: WE | S99: =D99/D100 -> 0.75 | T99: =E99/E100 -> 0.33333333 | U99: =F99/F100 -> #DIV/0! | V99: =G99/G100 -> 0.33333333 | W99: =H99/H100 -> #DIV/0! | X99: =I99/I100 -> 0.34482759 | Y99: =J99/J100 -> 0.39333333 | Z99: =K99/K100 -> 0.48 | ... AE99: =P99/P100 -> 0.38735178
C100: Total | D100: 20 | E100: 30 | F100: 0 | G100: 18 | H100: 0 | I100: 29 | J100: 150 | K100: 150 | L100: 140 | M100: 155 | N100: 135 | O100: 170 | P100: 1012 | R100: TOTAL | S100: =D100/D100 -> 1 | T100: =E100/E100 -> 1 | U100: =F100/F100 -> #DIV/0! | V100: =G100/G100 -> 1 | W100: =H100/H100 -> #DIV/0! | X100: =I100/I100 -> 1 | Y100: =J100/J100 -> 1 | Z100: =K100/K100 -> 1 | ... AE100: =P100/P100 -> 1
B103: GV80 Coupe | C103: Region | D103: Jan | E103: Feb | F103: Mar | G103: Apr | H103: May | I103: Jun | J103: Jul | K103: Aug | L103: Sep | M103: Oct | N103: Nov | O103: Dec | P103: TOTAL | R103: Region | S103: Jan | T103: Feb | U103: Mar | V103: Apr | W103: May | X103: Jun | Y103: Jul | Z103: Aug | AA103: Sep | AB103: Oct | AC103: Nov | AD103: Dec | AE103: TOTAL
C104: CE | D104: 39 | E104: 39 | F104: 45 | G104: 40 | H104: 46 | I104: 39 | J104: 44 | K104: 49 | L104: 46 | M104: 49 | N104: 44 | O104: 62 | P104: 555 | R104: CE | S104: =D104/D111 -> 0.13448276 | T104: =E104/E111 -> 0.12580645 | U104: =F104/F111 -> 0.12857143 | V104: =G104/G111 -> 0.12903226 | W104: =H104/H111 -> 0.12777778 | X104: =I104/I111 -> 0.13 | Y104: =J104/J111 -> 0.12941176 | Z104: =K104/K111 -> 0.12894737 | ... AE104: =P104/P111 -> 0.13108172
C105: EA | D105: 32 | E105: 41 | F105: 47 | G105: 40 | H105: 47 | I105: 39 | J105: 44 | K105: 49 | L105: 47 | M105: 49 | N105: 44 | O105: 62 | P105: 520 | R105: EA | S105: =D105/D111 -> 0.11034483 | T105: =E105/E111 -> 0.13225806 | U105: =F105/F111 -> 0.13428571 | V105: =G105/G111 -> 0.12903226 | W105: =H105/H111 -> 0.13055556 | X105: =I105/I111 -> 0.13 | Y105: =J105/J111 -> 0.12941176 | Z105: =K105/K111 -> 0.12894737 | ... AE105: =P105/P111 -> 0.1228153
C106: MA | D106: 27 | E106: 27 | F106: 30 | G106: 26 | H106: 31 | I106: 25 | J106: 29 | K106: 32 | L106: 31 | M106: 32 | N106: 29 | O106: 41 | P106: 345 | R106: MA | S106: =D106/D111 -> 0.093103448 | T106: =E106/E111 -> 0.087096774 | U106: =F106/F111 -> 0.085714286 | V106: =G106/G111 -> 0.083870968 | W106: =H106/H111 -> 0.086111111 | X106: =I106/I111 -> 0.083333333 | Y106: =J106/J111 -> 0.085294118 | Z106: =K106/K111 -> 0.084210526 | ... AE106: =P106/P111 -> 0.081483231
C107: MS | D107: 18 | E107: 22 | F107: 25 | G107: 22 | H107: 25 | I107: 21 | J107: 24 | K107: 27 | L107: 25 | M107: 27 | N107: 24 | O107: 34 | P107: 317 | R107: MS | S107: =D107/D111 -> 0.062068966 | T107: =E107/E111 -> 0.070967742 | U107: =F107/F111 -> 0.071428571 | V107: =G107/G111 -> 0.070967742 | W107: =H107/H111 -> 0.069444444 | X107: =I107/I111 -> 0.07 | Y107: =J107/J111 -> 0.070588235 | Z107: =K107/K111 -> 0.071052632 | ... AE107: =P107/P111 -> 0.074870099
C108: SC | D108: 43 | E108: 51 | F108: 54 | G108: 50 | H108: 58 | I108: 49 | J108: 55 | K108: 62 | L108: 58 | M108: 62 | N108: 55 | O108: 78 | P108: 680 | R108: SC | S108: =D108/D111 -> 0.14827586 | T108: =E108/E111 -> 0.16451613 | U108: =F108/F111 -> 0.15428571 | V108: =G108/G111 -> 0.16129032 | W108: =H108/H111 -> 0.16111111 | X108: =I108/I111 -> 0.16333333 | Y108: =J108/J111 -> 0.16176471 | Z108: =K108/K111 -> 0.16315789 | ... AE108: =P108/P111 -> 0.16060463
C109: SO | D109: 80 | E109: 83 | F109: 94 | G109: 84 | H109: 97 | I109: 81 | J109: 92 | K109: 103 | L109: 97 | M109: 103 | N109: 92 | O109: 130 | P109: 1151 | R109: SO | S109: =D109/D111 -> 0.27586207 | T109: =E109/E111 -> 0.26774194 | U109: =F109/F111 -> 0.26857143 | V109: =G109/G111 -> 0.27096774 | W109: =H109/H111 -> 0.26944444 | X109: =I109/I111 -> 0.27 | Y109: =J109/J111 -> 0.27058824 | Z109: =K109/K111 -> 0.27105263 | ... AE109: =P109/P111 -> 0.27184695
C110: WE | D110: 51 | E110: 47 | F110: 55 | G110: 48 | H110: 56 | I110: 46 | J110: 52 | K110: 58 | L110: 56 | M110: 58 | N110: 52 | O110: 73 | P110: 660 | R110: WE | S110: =D110/D111 -> 0.17586207 | T110: =E110/E111 -> 0.1516129 | U110: =F110/F111 -> 0.15714286 | V110: =G110/G111 -> 0.15483871 | W110: =H110/H111 -> 0.15555556 | X110: =I110/I111 -> 0.15333333 | Y110: =J110/J111 -> 0.15294118 | Z110: =K110/K111 -> 0.15263158 | ... AE110: =P110/P111 -> 0.15588096
C111: Total | D111: 290 | E111: 310 | F111: 350 | G111: 310 | H111: 360 | I111: 300 | J111: 340 | K111: 380 | L111: 360 | M111: 380 | N111: 340 | O111: 480 | P111: 4234 | R111: TOTAL | S111: =D111/D111 -> 1 | T111: =E111/E111 -> 1 | U111: =F111/F111 -> 1 | V111: =G111/G111 -> 1 | W111: =H111/H111 -> 1 | X111: =I111/I111 -> 1 | Y111: =J111/J111 -> 1 | Z111: =K111/K111 -> 1 | ... AE111: =P111/P111 -> 1
B114: GV80 | C114: Region | D114: Jan | E114: Feb | F114: Mar | G114: Apr | H114: May | I114: Jun | J114: Jul | K114: Aug | L114: Sep | M114: Oct | N114: Nov | O114: Dec | P114: TOTAL | R114: Region | S114: Jan | T114: Feb | U114: Mar | V114: Apr | W114: May | X114: Jun | Y114: Jul | Z114: Aug | AA114: Sep | AB114: Oct | AC114: Nov | AD114: Dec | AE114: TOTAL
C115: CE | D115: 178 | E115: 232 | F115: 277 | G115: 216 | H115: 238 | I115: 216 | J115: 242 | K115: 266 | L115: 261 | M115: 276 | N115: 261 | O115: 362 | P115: 2978 | R115: CE | S115: =D115/D122 -> 0.11866667 | T115: =E115/E122 -> 0.145 | U115: =F115/F122 -> 0.14132653 | V115: =G115/G122 -> 0.12705882 | W115: =H115/H122 -> 0.12727273 | X115: =I115/I122 -> 0.12705882 | Y115: =J115/J122 -> 0.12736842 | Z115: =K115/K122 -> 0.12727273 | ... AE115: =P115/P122 -> 0.12849499
C116: EA | D116: 280 | E116: 278 | F116: 340 | G116: 292 | H116: 321 | I116: 292 | J116: 326 | K116: 359 | L116: 352 | M116: 373 | N116: 352 | O116: 490 | P116: 3962 | R116: EA | S116: =D116/D122 -> 0.18666667 | T116: =E116/E122 -> 0.17375 | U116: =F116/F122 -> 0.17346939 | V116: =G116/G122 -> 0.17176471 | W116: =H116/H122 -> 0.17165775 | X116: =I116/I122 -> 0.17176471 | Y116: =J116/J122 -> 0.17157895 | Z116: =K116/K122 -> 0.17177033 | ... AE116: =P116/P122 -> 0.17095271
C117: MA | D117: 141 | E117: 147 | F117: 180 | G117: 154 | H117: 170 | I117: 154 | J117: 172 | K117: 190 | L117: 186 | M117: 197 | N117: 186 | O117: 259 | P117: 2052 | R117: MA | S117: =D117/D122 -> 0.094 | T117: =E117/E122 -> 0.091875 | U117: =F117/F122 -> 0.091836735 | V117: =G117/G122 -> 0.090588235 | W117: =H117/H122 -> 0.090909091 | X117: =I117/I122 -> 0.090588235 | Y117: =J117/J122 -> 0.090526316 | Z117: =K117/K122 -> 0.090909091 | ... AE117: =P117/P122 -> 0.088539869
C118: MS | D118: 88 | E118: 98 | F118: 120 | G118: 107 | H118: 118 | I118: 107 | J118: 119 | K118: 131 | L118: 129 | M118: 136 | N118: 129 | O118: 179 | P118: 1434 | R118: MS | S118: =D118/D122 -> 0.058666667 | T118: =E118/E122 -> 0.06125 | U118: =F118/F122 -> 0.06122449 | V118: =G118/G122 -> 0.062941176 | W118: =H118/H122 -> 0.063101604 | X118: =I118/I122 -> 0.062941176 | Y118: =J118/J122 -> 0.062631579 | Z118: =K118/K122 -> 0.062679426 | ... AE118: =P118/P122 -> 0.061874353
C119: SC | D119: 201 | E119: 207 | F119: 254 | G119: 221 | H119: 243 | I119: 221 | J119: 247 | K119: 272 | L119: 267 | M119: 282 | N119: 267 | O119: 371 | P119: 3018 | R119: SC | S119: =D119/D122 -> 0.134 | T119: =E119/E122 -> 0.129375 | U119: =F119/F122 -> 0.12959184 | V119: =G119/G122 -> 0.13 | W119: =H119/H122 -> 0.12994652 | X119: =I119/I122 -> 0.13 | Y119: =J119/J122 -> 0.13 | Z119: =K119/K122 -> 0.13014354 | ... AE119: =P119/P122 -> 0.13022092
C120: SO | D120: 380 | E120: 387 | F120: 499 | G120: 449 | H120: 493 | I120: 449 | J120: 501 | K120: 551 | L120: 541 | M120: 572 | N120: 541 | O120: 752 | P120: 6071 | R120: SO | S120: =D120/D122 -> 0.25333333 | T120: =E120/E122 -> 0.241875 | U120: =F120/F122 -> 0.25459184 | V120: =G120/G122 -> 0.26411765 | W120: =H120/H122 -> 0.26363636 | X120: =I120/I122 -> 0.26411765 | Y120: =J120/J122 -> 0.26368421 | Z120: =K120/K122 -> 0.26363636 | ... AE120: =P120/P122 -> 0.26195202
C121: WE | D121: 232 | E121: 251 | F121: 290 | G121: 261 | H121: 287 | I121: 261 | J121: 293 | K121: 321 | L121: 314 | M121: 334 | N121: 314 | O121: 437 | P121: 3645 | R121: WE | S121: =D121/D122 -> 0.15466667 | T121: =E121/E122 -> 0.156875 | U121: =F121/F122 -> 0.14795918 | V121: =G121/G122 -> 0.15352941 | W121: =H121/H122 -> 0.15347594 | X121: =I121/I122 -> 0.15352941 | Y121: =J121/J122 -> 0.15421053 | Z121: =K121/K122 -> 0.15358852 | ... AE121: =P121/P122 -> 0.15727477
...

Sheet Sales Goals
B2: Non-Fleet Sales BP v6.6 12+0 | C2: Jan | D2: Feb | E2: Mar | F2: Apr | G2: May | H2: Jun | I2: Jul | J2: Aug | K2: Sep | L2: Oct | M2: Nov | N2: Dec | O2: Total
B3: Non-Fleet Sales | C3: Jan | D3: Feb | E3: Mar | F3: Apr | G3: May | H3: Jun | I3: Jul | J3: Aug | K3: Sep | L3: Oct | M3: Nov | N3: Dec | O3: Total
B4: G70 | C4: 560 | D4: 590 | E4: 770 | F4: 700 | G4: 780 | H4: 700 | I4: 730 | J4: 720 | K4: 710 | L4: 735 | M4: 620 | N4: 780 | O4: 8395
B5: G80 | C5: 260 | D5: 280 | E5: 350 | F5: 305 | G5: 320 | H5: 300 | I5: 270 | J5: 300 | K5: 345 | L5: 370 | M5: 340 | N5: 430 | O5: 3870
B6: GV90 | C6: 0 | D6: 0 | E6: 0 | F6: 0 | G6: 0 | H6: 0 | I6: 0 | J6: 0 | K6: 0 | L6: 0 | M6: 0 | N6: 0 | O6: 0
B7: G90 | C7: 110 | D7: 140 | E7: 160 | F7: 130 | G7: 140 | H7: 135 | I7: 160 | J7: 160 | K7: 140 | L7: 150 | M7: 130 | N7: 185 | O7: 1740
B8: GV60 | C8: 15 | D8: 90 | E8: 120 | F8: 120 | G8: 150 | H8: 140 | I8: 130 | J8: 160 | K8: 150 | L8: 160 | M8: 145 | N8: 170 | O8: 1550
B9: GV70 | C9: 2090 | D9: 2180 | E9: 2770 | F9: 2475 | G9: 2860 | H9: 2585 | I9: 2690 | J9: 2880 | K9: 2510 | L9: 2535 | M9: 2475 | N9: 3375 | O9: 31425
B10: GV70 EV | C10: 20 | D10: 30 | E10: 0 | F10: 0 | G10: 0 | H10: 30 | I10: 150 | J10: 140 | K10: 140 | L10: 155 | M10: 135 | N10: 170 | O10: 970
B11: GV80 SB | C11: 290 | D11: 310 | E11: 350 | F11: 310 | G11: 360 | H11: 300 | I11: 340 | J11: 370 | K11: 350 | L11: 360 | M11: 330 | N11: 380 | O11: 4050 | R11: 2025 | S11: 2026 | T11: Change
B12: GV80 | C12: 1500 | D12: 1600 | E12: 1960 | F12: 1700 | G12: 1870 | H12: 1700 | I12: 1900 | J12: 1950 | K12: 1950 | L12: 2170 | M12: 2000 | N12: 2450 | O12: 22750 | Q12: BP | R12: 70000 | S12: 74750 | T12: =(S12-R12)/R12 -> 0.067857143
B13: GV80 HEV | C13: 0 | D13: 0 | E13: 0 | F13: 0 | G13: 0 | H13: 0 | I13: 0 | J13: 0 | K13: 0 | L13: 0 | M13: 0 | N13: 0 | O13: 0 | Q13: OP | R13: 73634 | S13: 77457 | T13: =(S13-R13)/R13 -> 0.05191895
B14: G80 EV | C14: 0 | D14: 0 | E14: 0 | F14: 0 | G14: 0 | H14: 0 | I14: 0 | J14: 0 | K14: 0 | L14: 0 | M14: 0 | N14: 0 | O14: 0
B15: Total | C15: 4845 | D15: 5220 | E15: 6480 | F15: 5740 | G15: 6480 | H15: 5890 | I15: 6370 | J15: 6680 | K15: 6295 | L15: 6635 | M15: 6175 | N15: 7940
O16: 74750
B17: 26CY_OP 6+6 v1.0 (Starting in August) | C17: Jan | D17: Feb | E17: Mar | F17: Apr | G17: May | H17: Jun | I17: Jul | J17: Aug | K17: Sep | L17: Oct | M17: Nov | N17: Dec | O17: Total | P17: <--- Currently used in workbook
B18: Non-Fleet Sales | C18: Jan | D18: Feb | E18: Mar | F18: Apr | G18: May | H18: Jun | I18: Jul | J18: Aug | K18: Sep | L18: Oct | M18: Nov | N18: Dec | O18: Total | Q18: <-- BP | X18: prev rundown | Y18: new rundown
B19: G70 | C19: 560 | D19: 690 | E19: 800 | F19: 700 | G19: 780 | H19: 760 | I19: 775 | J19: 750 | K19: 715 | L19: 685 | M19: 620 | N19: 780 | O19: =SUM(C19:N19) -> 8615 | Q19: <-- OP (not actuals) | S19: April = original OP 26CY_OP 2+10 v1.2 | W19: G70 | X19: 770 | Y19: 750 | Z19: =(Y19-X19)/X19 -> -0.025974026 | AA19: =Y19-X19 -> -20
B20: G80 | C20: 260 | D20: 260 | E20: 370 | F20: 305 | G20: 320 | H20: 300 | I20: 270 | J20: 300 | K20: 345 | L20: 370 | M20: 340 | N20: 430 | O20: =SUM(C20:N20) -> 3870 | W20: G80 | X20: 300 | Y20: 300 | Z20: =(Y20-X20)/X20 -> 0 | AA20: =Y20-X20 -> 0
B21: GV90 | C21: 0 | D21: 0 | E21: 0 | F21: 0 | G21: 0 | H21: 0 | I21: 0 | J21: 0 | K21: 0 | L21: 0 | M21: 0 | N21: 0 | O21: =SUM(C21:N21) -> 0 | W21: GV90 | X21: 0 | Y21: 0 | Z21: =(Y21-X21)/X21 -> #DIV/0! | AA21: =Y21-X21 -> 0
B22: G90 | C22: 110 | D22: 120 | E22: 160 | F22: 130 | G22: 140 | H22: 135 | I22: 160 | J22: 160 | K22: 140 | L22: 160 | M22: 140 | N22: 195 | O22: =SUM(C22:N22) -> 1750 | W22: G90 | X22: 160 | Y22: 160 | Z22: =(Y22-X22)/X22 -> 0 | AA22: =Y22-X22 -> 0
B23: GV60 | C23: 15 | D23: 30 | E23: 120 | F23: 120 | G23: 132 | H23: 125 | I23: 150 | J23: 145 | K23: 150 | L23: 125 | M23: 123 | N23: 135 | O23: =SUM(C23:N23) -> 1370 | W23: GV60 | X23: 145 | Y23: 145 | Z23: =(Y23-X23)/X23 -> 0 | AA23: =Y23-X23 -> 0
B24: GV70 | C24: 2090 | D24: 2380 | E24: 2930 | F24: 2557 | G24: 2900 | H24: 2779 | I24: 2799 | J24: 3115 | K24: 2617 | L24: 2710 | M24: 2462 | N24: 3400 | O24: =SUM(C24:N24) -> 32739 | W24: GV70 | X24: 2905 | Y24: 3115 | Z24: =(Y24-X24)/X24 -> 0.072289157 | AA24: =Y24-X24 -> 210
B25: GV70 EV | C25: 20 | D25: 30 | E25: 35 | F25: 18 | G25: 18 | H25: 18 | I25: 66 | J25: 120 | K25: 120 | L25: 145 | M25: 110 | N25: 110 | O25: =SUM(C25:N25) -> 810 | W25: GV70 EV | X25: 120 | Y25: 120 | Z25: =(Y25-X25)/X25 -> 0 | AA25: =Y25-X25 -> 0
B26: GV80 SB | C26: 290 | D26: 280 | E26: 370 | F26: 310 | G26: 360 | H26: 300 | I26: 340 | J26: 370 | K26: 353 | L26: 360 | M26: 330 | N26: 380 | O26: =SUM(C26:N26) -> 4043 | W26: GV80 SB | X26: 370 | Y26: 370 | Z26: =(Y26-X26)/X26 -> 0 | AA26: =Y26-X26 -> 0
B27: GV80 | C27: 1500 | D27: 1560 | E27: 2105 | F27: 1700 | G27: 1870 | H27: 1700 | I27: 1900 | J27: 1930 | K27: 1960 | L27: 2080 | M27: 2050 | N27: 2510 | O27: =SUM(C27:N27) -> 22865 | W27: GV80 | X27: 2033 | Y27: 1930 | Z27: =(Y27-X27)/X27 -> -0.050664043 | AA27: =Y27-X27 -> -103
B28: GV80 HEV | C28: 0 | D28: 0 | E28: 0 | F28: 0 | G28: 0 | H28: 0 | I28: 0 | J28: 0 | K28: 0 | L28: 0 | M28: 0 | N28: 0 | O28: =SUM(C28:N28) -> 0 | W28: GV80 HEV | X28: 0 | Y28: 0 | Z28: =(Y28-X28)/X28 -> #DIV/0! | AA28: =Y28-X28 -> 0
B29: G80 EV | C29: 0 | D29: 0 | E29: 0 | F29: 0 | G29: 0 | H29: 0 | I29: 0 | J29: 0 | K29: 0 | L29: 0 | M29: 0 | N29: 0 | O29: =SUM(C29:N29) -> 0 | W29: G80 EV | X29: 0 | Y29: 0 | Z29: =(Y29-X29)/X29 -> #DIV/0! | AA29: =Y29-X29 -> 0
B30: Total | C30: 4845 | D30: 5350 | E30: 6890 | F30: 5840 | G30: 6520 | H30: 6117 | I30: 6460 | J30: 6890 | K30: 6400 | L30: 6635 | M30: 6175 | N30: 7940 | O30: =SUM(C30:N30) -> 76062 | W30: Total | X30: 6803 | Y30: 6890 | Z30: =(Y30-X30)/X30 -> 0.012788476 | AA30: =Y30-X30 -> 87
B32: 26CY_OP 5+7 v1.0 (Starting in July) | C32: Jan | D32: Feb | E32: Mar | F32: Apr | G32: May | H32: Jun | I32: Jul | J32: Aug | K32: Sep | L32: Oct | M32: Nov | N32: Dec | O32: Total
B33: Non-Fleet Sales | C33: Jan | D33: Feb | E33: Mar | F33: Apr | G33: May | H33: Jun | I33: Jul | J33: Aug | K33: Sep | L33: Oct | M33: Nov | N33: Dec | O33: Total
B34: G70 | C34: 560 | D34: 690 | E34: 800 | F34: 700 | G34: 780 | H34: 760 | I34: 775 | J34: 770 | K34: 760 | L34: 735 | M34: 670 | N34: 820 | O34: =SUM(C34:N34) -> 8820
B35: G80 | C35: 260 | D35: 260 | E35: 370 | F35: 305 | G35: 320 | H35: 300 | I35: 270 | J35: 300 | K35: 345 | L35: 370 | M35: 340 | N35: 430 | O35: =SUM(C35:N35) -> 3870
B36: GV90 | C36: 0 | D36: 0 | E36: 0 | F36: 0 | G36: 0 | H36: 0 | I36: 0 | J36: 0 | K36: 0 | L36: 0 | M36: 0 | N36: 0 | O36: =SUM(C36:N36) -> 0
B37: G90 | C37: 110 | D37: 120 | E37: 160 | F37: 130 | G37: 140 | H37: 135 | I37: 160 | J37: 160 | K37: 140 | L37: 160 | M37: 140 | N37: 195 | O37: =SUM(C37:N37) -> 1750
B38: GV60 | C38: 15 | D38: 30 | E38: 120 | F38: 120 | G38: 132 | H38: 125 | I38: 150 | J38: 145 | K38: 150 | L38: 125 | M38: 123 | N38: 135 | O38: =SUM(C38:N38) -> 1370
B39: GV70 | C39: 2090 | D39: 2380 | E39: 2930 | F39: 2557 | G39: 2900 | H39: 2779 | I39: 2799 | J39: 2905 | K39: 2517 | L39: 2714 | M39: 2502 | N39: 3454 | O39: =SUM(C39:N39) -> 32527
B40: GV70 EV | C40: 20 | D40: 30 | E40: 35 | F40: 18 | G40: 18 | H40: 18 | I40: 66 | J40: 120 | K40: 120 | L40: 145 | M40: 125 | N40: 150 | O40: =SUM(C40:N40) -> 865
B41: GV80 SB | C41: 290 | D41: 280 | E41: 370 | F41: 310 | G41: 360 | H41: 300 | I41: 340 | J41: 370 | K41: 353 | L41: 360 | M41: 340 | N41: 450 | O41: =SUM(C41:N41) -> 4123
B42: GV80 | C42: 1500 | D42: 1560 | E42: 2105 | F42: 1700 | G42: 1870 | H42: 1700 | I42: 1900 | J42: 2033 | K42: 2015 | L42: 2080 | M42: 2015 | N42: 2570 | O42: =SUM(C42:N42) -> 23048
B43: GV80 HEV | C43: 0 | D43: 0 | E43: 0 | F43: 0 | G43: 0 | H43: 0 | I43: 0 | J43: 0 | K43: 0 | L43: 0 | M43: 0 | N43: 0 | O43: =SUM(C43:N43) -> 0
B44: G80 EV | C44: 0 | D44: 0 | E44: 0 | F44: 0 | G44: 0 | H44: 0 | I44: 0 | J44: 0 | K44: 0 | L44: 0 | M44: 0 | N44: 0 | O44: =SUM(C44:N44) -> 0
B45: Total | C45: 4845 | D45: 5350 | E45: 6890 | F45: 5840 | G45: 6520 | H45: 6117 | I45: 6460 | J45: 6803 | K45: 6400 | L45: 6689 | M45: 6255 | N45: 8204 | O45: =SUM(C45:N45) -> 76373
B47: 26CY_OP 4+8 v1.2 (Starting in June) | C47: Jan | D47: Feb | E47: Mar | F47: Apr | G47: May | H47: Jun | I47: Jul | J47: Aug | K47: Sep | L47: Oct | M47: Nov | N47: Dec | O47: Total
B48: Non-Fleet Sales | C48: Jan | D48: Feb | E48: Mar | F48: Apr | G48: May | H48: Jun | I48: Jul | J48: Aug | K48: Sep | L48: Oct | M48: Nov | N48: Dec | O48: Total
B49: G70 | C49: 560 | D49: 690 | E49: 800 | F49: 700 | G49: 780 | H49: 760 | I49: 730 | J49: 720 | K49: 710 | L49: 735 | M49: 672 | N49: 860 | O49: =SUM(C49:N49) -> 8717
B50: G80 | C50: 260 | D50: 260 | E50: 370 | F50: 305 | G50: 320 | H50: 300 | I50: 270 | J50: 300 | K50: 345 | L50: 370 | M50: 340 | N50: 430 | O50: =SUM(C50:N50) -> 3870
B51: GV90 | C51: 0 | D51: 0 | E51: 0 | F51: 0 | G51: 0 | H51: 0 | I51: 0 | J51: 0 | K51: 0 | L51: 0 | M51: 0 | N51: 0 | O51: =SUM(C51:N51) -> 0
B52: G90 | C52: 110 | D52: 120 | E52: 160 | F52: 130 | G52: 140 | H52: 135 | I52: 160 | J52: 160 | K52: 140 | L52: 160 | M52: 150 | N52: 195 | O52: =SUM(C52:N52) -> 1760
B53: GV60 | C53: 15 | D53: 30 | E53: 120 | F53: 120 | G53: 132 | H53: 125 | I53: 130 | J53: 135 | K53: 140 | L53: 125 | M53: 123 | N53: 135 | O53: =SUM(C53:N53) -> 1330
B54: GV70 | C54: 2090 | D54: 2380 | E54: 2930 | F54: 2557 | G54: 2900 | H54: 2779 | I54: 2788 | J54: 2888 | K54: 2517 | L54: 2679 | M54: 2480 | N54: 3444 | O54: =SUM(C54:N54) -> 32432
B55: GV70 EV | C55: 20 | D55: 30 | E55: 35 | F55: 18 | G55: 18 | H55: 18 | I55: 142 | J55: 140 | K55: 140 | L55: 155 | M55: 135 | N55: 170 | O55: =SUM(C55:N55) -> 1021
B56: GV80 SB | C56: 290 | D56: 280 | E56: 370 | F56: 310 | G56: 360 | H56: 300 | I56: 340 | J56: 370 | K56: 378 | L56: 385 | M56: 340 | N56: 450 | O56: =SUM(C56:N56) -> 4173
B57: GV80 | C57: 1500 | D57: 1560 | E57: 2105 | F57: 1700 | G57: 1870 | H57: 1700 | I57: 1900 | J57: 2090 | K57: 2030 | L57: 2200 | M57: 2100 | N57: 2550 | O57: =SUM(C57:N57) -> 23305
B58: GV80 HEV | C58: 0 | D58: 0 | E58: 0 | F58: 0 | G58: 0 | H58: 0 | I58: 0 | J58: 0 | K58: 0 | L58: 0 | M58: 0 | N58: 0 | O58: =SUM(C58:N58) -> 0
B59: G80 EV | C59: 0 | D59: 0 | E59: 0 | F59: 0 | G59: 0 | H59: 0 | I59: 0 | J59: 0 | K59: 0 | L59: 0 | M59: 0 | N59: 0 | O59: =SUM(C59:N59) -> 0
B60: Total | C60: 4845 | D60: 5350 | E60: 6890 | F60: 5840 | G60: 6520 | H60: 6117 | I60: 6460 | J60: 6803 | K60: 6400 | L60: 6809 | M60: 6340 | N60: 8234 | O60: =SUM(C60:N60) -> 76608
B62: 26CY_OP 3+9 v1.0 (Starting in May) | C62: Jan | D62: Feb | E62: Mar | F62: Apr | G62: May | H62: Jun | I62: Jul | J62: Aug | K62: Sep | L62: Oct | M62: Nov | N62: Dec | O62: Total
B63: Non-Fleet Sales | C63: Jan | D63: Feb | E63: Mar | F63: Apr | G63: May | H63: Jun | I63: Jul | J63: Aug | K63: Sep | L63: Oct | M63: Nov | N63: Dec | O63: Total
B64: G70 | C64: 560 | D64: 690 | E64: 800 | F64: 700 | G64: 780 | H64: 700 | I64: 730 | J64: 750 | K64: 721 | L64: 735 | M64: 679 | N64: 850 | O64: =SUM(C64:N64) -> 8695
B65: G80 | C65: 260 | D65: 260 | E65: 370 | F65: 305 | G65: 320 | H65: 300 | I65: 270 | J65: 300 | K65: 335 | L65: 350 | M65: 340 | N65: 385 | O65: =SUM(C65:N65) -> 3795
B66: GV90 | C66: 0 | D66: 0 | E66: 0 | F66: 0 | G66: 0 | H66: 0 | I66: 0 | J66: 0 | K66: 0 | L66: 0 | M66: 0 | N66: 0 | O66: =SUM(C66:N66) -> 0
B67: G90 | C67: 110 | D67: 120 | E67: 160 | F67: 130 | G67: 140 | H67: 135 | I67: 160 | J67: 160 | K67: 140 | L67: 150 | M67: 150 | N67: 185 | O67: =SUM(C67:N67) -> 1740
B68: GV60 | C68: 15 | D68: 30 | E68: 120 | F68: 120 | G68: 132 | H68: 140 | I68: 79 | J68: 100 | K68: 120 | L68: 120 | M68: 125 | N68: 150 | O68: =SUM(C68:N68) -> 1251
B69: GV70 | C69: 2090 | D69: 2380 | E69: 2930 | F69: 2557 | G69: 2900 | H69: 2810 | I69: 2939 | J69: 2990 | K69: 2556 | L69: 2625 | M69: 2461 | N69: 3407 | O69: =SUM(C69:N69) -> 32645
B70: GV70 EV | C70: 20 | D70: 30 | E70: 35 | F70: 18 | G70: 18 | H70: 15 | I70: 42 | J70: 60 | K70: 100 | L70: 135 | M70: 135 | N70: 150 | O70: =SUM(C70:N70) -> 758
B71: GV80 SB | C71: 290 | D71: 280 | E71: 370 | F71: 310 | G71: 360 | H71: 300 | I71: 340 | J71: 370 | K71: 378 | L71: 385 | M71: 340 | N71: 450 | O71: =SUM(C71:N71) -> 4173
B72: GV80 | C72: 1500 | D72: 1560 | E72: 2105 | F72: 1700 | G72: 1870 | H72: 1700 | I72: 1900 | J72: 2090 | K72: 2050 | L72: 2170 | M72: 2050 | N72: 2489 | O72: =SUM(C72:N72) -> 23184
B73: GV80 HEV | C73: 0 | D73: 0 | E73: 0 | F73: 0 | G73: 0 | H73: 0 | I73: 0 | J73: 0 | K73: 0 | L73: 0 | M73: 0 | N73: 0 | O73: =SUM(C73:N73) -> 0
B74: G80 EV | C74: 0 | D74: 0 | E74: 0 | F74: 0 | G74: 0 | H74: 0 | I74: 0 | J74: 0 | K74: 0 | L74: 0 | M74: 0 | N74: 0 | O74: =SUM(C74:N74) -> 0
B75: Total | C75: 4845 | D75: 5350 | E75: 6890 | F75: 5840 | G75: 6520 | H75: 6100 | I75: 6460 | J75: 6820 | K75: 6400 | L75: 6670 | M75: 6280 | N75: 8066 | O75: =SUM(C75:N75) -> 76241
B77: 26CY_OP 2+10 v1.2 | C77: Jan | D77: Feb | E77: Mar | F77: Apr | G77: May | H77: Jun | I77: Jul | J77: Aug | K77: Sep | L77: Oct | M77: Nov | N77: Dec | O77: Total
B78: Non-Fleet Sales | C78: Jan | D78: Feb | E78: Mar | F78: Apr | G78: May | H78: Jun | I78: Jul | J78: Aug | K78: Sep | L78: Oct | M78: Nov | N78: Dec | O78: Total
B79: G70 | C79: 560 | D79: 690 | E79: 800 | F79: 700 | G79: 780 | H79: 700 | I79: 760 | J79: 740 | K79: 730 | L79: 735 | M79: 665 | N79: 780 | O79: =SUM(C79:N79) -> 8640
B80: G80 | C80: 260 | D80: 260 | E80: 370 | F80: 305 | G80: 320 | H80: 300 | I80: 270 | J80: 309 | K80: 355 | L80: 370 | M80: 340 | N80: 430 | O80: =SUM(C80:N80) -> 3889
B81: GV90 | C81: 0 | D81: 0 | E81: 0 | F81: 0 | G81: 0 | H81: 0 | I81: 0 | J81: 0 | K81: 0 | L81: 0 | M81: 0 | N81: 0 | O81: =SUM(C81:N81) -> 0
B82: G90 | C82: 110 | D82: 120 | E82: 160 | F82: 130 | G82: 140 | H82: 142 | I82: 160 | J82: 170 | K82: 140 | L82: 150 | M82: 150 | N82: 185 | O82: =SUM(C82:N82) -> 1757
B83: GV60 | C83: 15 | D83: 30 | E83: 120 | F83: 120 | G83: 150 | H83: 140 | I83: 140 | J83: 160 | K83: 155 | L83: 170 | M83: 165 | N83: 189 | O83: =SUM(C83:N83) -> 1554
B84: GV70 | C84: 2090 | D84: 2380 | E84: 2930 | F84: 2557 | G84: 2900 | H84: 2789 | I84: 2740 | J84: 3131 | K84: 2660 | L84: 2540 | M84: 2435 | N84: 3698 | O84: =SUM(C84:N84) -> 32850
B85: GV70 EV | C85: 20 | D85: 30 | E85: 35 | F85: 18 | G85: 0 | H85: 29 | I85: 150 | J85: 150 | K85: 140 | L85: 155 | M85: 135 | N85: 170 | O85: =SUM(C85:N85) -> 1032
B86: GV80 SB | C86: 290 | D86: 280 | E86: 370 | F86: 310 | G86: 360 | H86: 300 | I86: 340 | J86: 380 | K86: 360 | L86: 380 | M86: 340 | N86: 480 | O86: =SUM(C86:N86) -> 4190
B87: GV80 | C87: 1500 | D87: 1560 | E87: 2105 | F87: 1700 | G87: 1870 | H87: 1700 | I87: 1900 | J87: 2090 | K87: 2050 | L87: 2170 | M87: 2050 | N87: 2850 | O87: =SUM(C87:N87) -> 23545
B88: GV80 HEV | C88: 0 | D88: 0 | E88: 0 | F88: 0 | G88: 0 | H88: 0 | I88: 0 | J88: 0 | K88: 0 | L88: 0 | M88: 0 | N88: 0 | O88: =SUM(C88:N88) -> 0
B89: G80 EV | C89: 0 | D89: 0 | E89: 0 | F89: 0 | G89: 0 | H89: 0 | I89: 0 | J89: 0 | K89: 0 | L89: 0 | M89: 0 | N89: 0 | O89: =SUM(C89:N89) -> 0
B90: Total | C90: 4845 | D90: 5350 | E90: 6890 | F90: 5840 | G90: 6520 | H90: 6100 | I90: 6460 | J90: 7130 | K90: 6590 | L90: 6670 | M90: 6280 | N90: 8782 | O90: =SUM(C90:N90) -> 77457
B92: 26CY_OP 1+11 v1.3 | C92: Jan | D92: Feb | E92: Mar | F92: Apr | G92: May | H92: Jun | I92: Jul | J92: Aug | K92: Sep | L92: Oct | M92: Nov | N92: Dec | O92: Total
B93: Non-Fleet Sales | C93: Jan | D93: Feb | E93: Mar | F93: Apr | G93: May | H93: Jun | I93: Jul | J93: Aug | K93: Sep | L93: Oct | M93: Nov | N93: Dec | O93: Total
B94: G70 | C94: 560 | D94: 690 | E94: 800 | F94: 700 | G94: 780 | H94: 693 | I94: 720 | J94: 720 | K94: 705 | L94: 725 | M94: 665 | N94: 781 | O94: =SUM(C94:N94) -> 8539
B95: G80 | C95: 260 | D95: 260 | E95: 370 | F95: 305 | G95: 320 | H95: 300 | I95: 270 | J95: 320 | K95: 345 | L95: 370 | M95: 340 | N95: 430 | O95: =SUM(C95:N95) -> 3890
B96: GV90 | C96: 0 | D96: 0 | E96: 0 | F96: 0 | G96: 0 | H96: 0 | I96: 0 | J96: 0 | K96: 0 | L96: 0 | M96: 0 | N96: 0 | O96: =SUM(C96:N96) -> 0
B97: G90 | C97: 110 | D97: 120 | E97: 160 | F97: 150 | G97: 140 | H97: 142 | I97: 160 | J97: 170 | K97: 140 | L97: 150 | M97: 150 | N97: 185 | O97: =SUM(C97:N97) -> 1777
B98: GV60 | C98: 15 | D98: 30 | E98: 120 | F98: 120 | G98: 150 | H98: 140 | I98: 140 | J98: 160 | K98: 155 | L98: 170 | M98: 165 | N98: 189 | O98: =SUM(C98:N98) -> 1554
B99: GV70 | C99: 2090 | D99: 2380 | E99: 2930 | F99: 2555 | G99: 2900 | H99: 2795 | I99: 2710 | J99: 3070 | K99: 2655 | L99: 2550 | M99: 2435 | N99: 3615 | O99: =SUM(C99:N99) -> 32685
B100: GV70 EV | C100: 20 | D100: 30 | E100: 35 | F100: 0 | G100: 0 | H100: 30 | I100: 150 | J100: 150 | K100: 140 | L100: 155 | M100: 135 | N100: 170 | O100: =SUM(C100:N100) -> 1015
B101: GV80 SB | C101: 290 | D101: 280 | E101: 370 | F101: 310 | G101: 360 | H101: 300 | I101: 340 | J101: 380 | K101: 360 | L101: 380 | M101: 340 | N101: 480 | O101: =SUM(C101:N101) -> 4190
B102: GV80 | C102: 1500 | D102: 1560 | E102: 2105 | F102: 1700 | G102: 1870 | H102: 1700 | I102: 1900 | J102: 2090 | K102: 1950 | L102: 2170 | M102: 2050 | N102: 2850 | O102: =SUM(C102:N102) -> 23445
B103: GV80 HEV | C103: 0 | D103: 0 | E103: 0 | F103: 0 | G103: 0 | H103: 0 | I103: 0 | J103: 0 | K103: 0 | L103: 0 | M103: 0 | N103: 0 | O103: =SUM(C103:N103) -> 0
B104: G80 EV | C104: 0 | D104: 0 | E104: 0 | F104: 0 | G104: 0 | H104: 0 | I104: 0 | J104: 0 | K104: 0 | L104: 0 | M104: 0 | N104: 0 | O104: =SUM(C104:N104) -> 0
B105: Total | C105: 4845 | D105: 5350 | E105: 6890 | F105: 5840 | G105: 6520 | H105: 6100 | I105: 6390 | J105: 7060 | K105: 6450 | L105: 6670 | M105: 6280 | N105: 8700 | O105: =SUM(C105:N105) -> 77095
B107: Non-Fleet Sales BP v6.6 12+0 | C107: Jan | D107: Feb | E107: Mar | F107: Apr | G107: May | H107: Jun | I107: Jul | J107: Aug | K107: Sep | L107: Oct | M107: Nov | N107: Dec | O107: Total
...

Sheet Historic Data Weighted
B1: Sales (T3 Timeframes) | N1: Sales | Z1: T1 Site Visits | AL1: VLPs | AX1: VLPs | In-Market Only | BJ1: T3 SV + VDPs | BM1: T3 Sales Visits | BO1: T3 VDPs | CA1: 2026 T1 HVAs |In-Market (only) | CM1: 2026 T1 HVAs |Total | CY1: 2026 HVAs |T1 to T3 Referrals | DK1: 2026 HVAs |T1 VDP Visits | DW1: 2026 MVAs | (total 5x actions) | EI1: 2026 MVAs | (In-Market Only) | EU1: 2025 HVAs | FG1: 2025 HVAs | In-Market Only | FS1: Leads | GF1: Credit Applications | GQ1: Endemic VDPs | HC1: Total Shop Goals | Total = T3 Referrals + T1 VDPs + Sales Visits | Models = T3 Referrals + T1 VDPs + T3 VDPs | HO1: Total Research Goals | T1 MVAs + Endemic VDPs
C2: eg80 | D2: egv70 | E2: genesis_g70 | F2: genesis_g80 | G2: genesis_g90 | H2: genesis_gv60 | I2: genesis_gv70 | J2: genesis_gv80 | K2: genesis_gv80_coupe | L2: Grand Total | O2: eg80 | P2: egv70 | Q2: genesis_g70 | R2: genesis_g80 | S2: genesis_g90 | T2: genesis_gv60 | U2: genesis_gv70 | V2: genesis_gv80 | W2: genesis_gv80_coupe | X2: Grand Total | AA2: GV80 Coupe | AB2: GV80 | AC2: GV70 | AD2: G80 | AE2: Electrified GV70 | AF2: G90 | AG2: Electrified G80 | AH2: GV60 | AI2: G70 | AJ2: Total | AM2: GV80 Coupe VLP Visits | AN2: GV80 VLP Visits | AO2: GV70 VLP Visits | AP2: G80 VLP Visits | AQ2: Electrified GV70 VLP Visits | AR2: G90 VLP Visits | AS2: Electrified G80 VLP Visits | AT2: GV60 VLP Visits | AU2: G70 VLP Visits | AV2: Total | AY2: GV80 Coupe VLP Visits | AZ2: GV80 VLP Visits | BA2: GV70 VLP Visits | BB2: G80 VLP Visits | BC2: Electrified GV70 VLP Visits | BD2: G90 VLP Visits | BE2: Electrified G80 VLP Visits | BF2: GV60 VLP Visits | BG2: G70 VLP Visits | BH2: Total | BK2: Total | BM2: T3 Sales Visits | BO2: T3 VDPs | BP2: GV80 Coupe | BQ2: GV80 | BR2: GV70 | BS2: G80 | BT2: Electrified GV70 | BU2: G90 | BV2: Electrified G80 | BW2: GV60 | BX2: G70 | BY2: Other | CB2: Total | CC2: GV80 Coupe | CD2: GV80 | CE2: GV70 | CF2: G80 | CG2: Electrified GV70 | CH2: G90 | CI2: Electrified G80 | CJ2: GV60 | CK2: G70 | CN2: Total | CO2: GV80 Coupe | CP2: GV80 | CQ2: GV70 | CR2: G80 | CS2: Electrified GV70 | CT2: G90 | CU2: Electrified G80 | CV2: GV60 | CW2: G70 | CZ2: Total | DA2: GV80 Coupe | DB2: GV80 | DC2: GV70 | DD2: G80 | DE2: Electrified GV70 | DF2: G90 | DG2: Electrified G80 | DH2: GV60 | DI2: G70 | DL2: Total (sum models) | DM2: GV80 Coupe | DN2: GV80 | DO2: GV70 | DP2: G80 | DQ2: Electrified GV70 | DR2: G90 | DS2: Electrified G80 | DT2: GV60 | DU2: G70 | DX2: Total | DY2: GV80 Coupe | DZ2: GV80 | EA2: GV70 | EB2: G80 | EC2: Electrified GV70 | ED2: G90 | EE2: Electrified G80 | EF2: GV60 | EG2: G70 | EJ2: Total | EK2: GV80 Coupe | EL2: GV80 | EM2: GV70 | EN2: G80 | EO2: Electrified GV70 | EP2: G90 | EQ2: Electrified G80 | ER2: GV60 | ES2: G70 | EV2: Total | EW2: GV80 Coupe | EX2: GV80 | EY2: GV70 | EZ2: G80 | FA2: Electrified GV70 | FB2: G90 | FC2: Electrified G80 | FD2: GV60 | FE2: G70 | FH2: Total | FI2: GV80 Coupe | FJ2: GV80 | FK2: GV70 | FL2: G80 | FM2: Electrified GV70 | FN2: G90 | FO2: Electrified G80 | FP2: GV60 | FQ2: G70 | FT2: G70 | FU2: G80 | FV2: eG80 | FW2: G90 | FX2: GV60 | FY2: GV70 | FZ2: eGV70 | GA2: GV80 | GB2: GV80 Coupe | GC2: Total | GF2: G70 | GG2: G80 | GH2: G80 Electrified | GI2: G90 | GJ2: GV60 | GK2: GV70 | GL2: GV70 Electrified | GM2: GV80 | GN2: GV80 Coupe | GO2: Total | GR2: electrified g80 | GS2: electrified gv70 | GT2: g70 | GU2: g80 | GV2: g90 | GW2: gv60 | GX2: gv70 | GY2: gv80 | GZ2: gv80 coupe | HA2: Total | HD2: Total | HE2: GV80 Coupe | HF2: GV80 | HG2: GV70 | HH2: G80 | HI2: Electrified GV70 | HJ2: G90 | HK2: Electrified G80 | HL2: GV60 | HM2: G70 | HP2: Total | HQ2: GV80 Coupe | HR2: GV80 | HS2: GV70 | HT2: G80 | HU2: Electrified GV70 | HV2: G90 | HW2: Electrified G80 | HX2: GV60 | HY2: G70
B3: Jan - Dec '25 | C3: =SUM(C45:C56) -> 92 | D3: =SUM(D45:D56) -> 1917 | E3: =SUM(E45:E56) -> 8293 | F3: =SUM(F45:F56) -> 3653 | G3: =SUM(G45:G56) -> 1604 | H3: =SUM(H45:H56) -> 1873 | I3: =SUM(I45:I56) -> 30557 | J3: =SUM(J45:J56) -> 22221 | ... L3: =SUM(L45:L56) -> 74084 | N3: Jan - Dec '25 | O3: =SUM(O45:O56) -> 92 | P3: =SUM(P45:P56) -> 1917 | Q3: =SUM(Q45:Q56) -> 8293 | R3: =SUM(R45:R56) -> 3653 | S3: =SUM(S45:S56) -> 1604 | T3: =SUM(T45:T56) -> 1873 | U3: =SUM(U45:U56) -> 30557 | V3: =SUM(V45:V56) -> 22221 | ... X3: =SUM(X45:X56) -> 74084 | Z3: Jan - Dec '25 | AA3: =SUM(AA45:AA56) -> 1604791 | AB3: =SUM(AB45:AB56) -> 8362467 | AC3: =SUM(AC45:AC56) -> 11743934 | AD3: =SUM(AD45:AD56) -> 519042 | AE3: =SUM(AE45:AE56) -> 1177847 | AF3: =SUM(AF45:AF56) -> 457844 | AG3: =SUM(AG45:AG56) -> 110630 | AH3: =SUM(AH45:AH56) -> 723936 | ... AJ3: =SUM(AJ45:AJ56) -> 36706663 | AL3: Jan - Dec '25 | AM3: =SUM(AM45:AM56) -> 1564211 | AN3: =SUM(AN45:AN56) -> 8215788 | AO3: =SUM(AO45:AO56) -> 11550078 | AP3: =SUM(AP45:AP56) -> 519030 | AQ3: =SUM(AQ45:AQ56) -> 1138599 | AR3: =SUM(AR45:AR56) -> 457856 | AS3: =SUM(AS45:AS56) -> 110603 | AT3: =SUM(AT45:AT56) -> 723958 | ... AV3: =SUM(AV45:AV56) -> 27721184 | AX3: Jan - Dec '25 | AY3: =SUM(AY45:AY56) -> 1256446 | AZ3: =SUM(AZ45:AZ56) -> 6686231 | BA3: =SUM(BA45:BA56) -> 9716999 | BB3: =SUM(BB45:BB56) -> 256308 | BC3: =SUM(BC45:BC56) -> 831890 | BD3: =SUM(BD45:BD56) -> 212155 | BE3: =SUM(BE45:BE56) -> 57405 | BF3: =SUM(BF45:BF56) -> 463433 | ... BH3: =SUM(BH45:BH56) -> 22010641 | BJ3: Jan - Dec '25 | BK3: =SUM(BK45:BK56) -> 33935546 | BM3: =SUM(BM45:BM56) -> 20758263 | BO3: =SUM(BO45:BO56) -> 13177283 | BP3: =SUM(BP45:BP56) -> 859850 | BQ3: =SUM(BQ45:BQ56) -> 3842395 | BR3: =SUM(BR45:BR56) -> 4195232 | BS3: =SUM(BS45:BS56) -> 855282 | BT3: =SUM(BT45:BT56) -> 364689 | BU3: =SUM(BU45:BU56) -> 497915 | BV3: =SUM(BV45:BV56) -> 34283 | ... BY3: =SUM(BY45:BY56) -> 28344 | CA3: Jan - Dec '25 | CB3: =SUM(CB45:CB56) -> 1284340 | CC3: =SUM(CC45:CC56) -> 41567 | CD3: =SUM(CD45:CD56) -> 185411 | CE3: =SUM(CE45:CE56) -> 245901 | CF3: =SUM(CF45:CF56) -> 45950 | CG3: =SUM(CG45:CG56) -> 28896 | CH3: =SUM(CH45:CH56) -> 18523 | CI3: =SUM(CI45:CI56) -> 3278 | ... CK3: =SUM(CK45:CK56) -> 165290 | CM3: Jan - Dec '25 | CN3: =SUM(CN45:CN56) -> 1728761 | CO3: =SUM(CO45:CO56) -> 66085 | CP3: =SUM(CP45:CP56) -> 274681 | CQ3: =SUM(CQ45:CQ56) -> 363033 | CR3: =SUM(CR45:CR56) -> 67283 | CS3: =SUM(CS45:CS56) -> 49404 | CT3: =SUM(CT45:CT56) -> 30312 | CU3: =SUM(CU45:CU56) -> 5101 | ... CW3: =SUM(CW45:CW56) -> 226654 | CY3: Jan - Dec '25 | CZ3: =SUM(CZ45:CZ56) -> 768740 | DA3: =SUM(DA45:DA56) -> 10587 | DB3: =SUM(DB45:DB56) -> 42825 | DC3: =SUM(DC45:DC56) -> 62094 | DD3: =SUM(DD45:DD56) -> 8651 | DE3: =SUM(DE45:DE56) -> 8810 | DF3: =SUM(DF45:DF56) -> 4016 | DG3: =SUM(DG45:DG56) -> 724 | ... DI3: =SUM(DI45:DI56) -> 25032 | DK3: Jan - Dec '25 | DL3: =SUM(DL45:DL56) -> 960021 | DM3: =SUM(DM45:DM56) -> 55498 | DN3: =SUM(DN45:DN56) -> 231856 | DO3: =SUM(DO45:DO56) -> 300939 | DP3: =SUM(DP45:DP56) -> 58632 | DQ3: =SUM(DQ45:DQ56) -> 40594 | DR3: =SUM(DR45:DR56) -> 26296 | DS3: =SUM(DS45:DS56) -> 4377 | ... DU3: =SUM(DU45:DU56) -> 201622 | DW3: Jan - Dec '25 | DX3: =SUM(DX45:DX56) -> 6374314 | DY3: =SUM(DY45:DY56) -> 375085 | DZ3: =SUM(DZ45:DZ56) -> 1524606 | EA3: =SUM(EA45:EA56) -> 1744010 | EB3: =SUM(EB45:EB56) -> 257257 | EC3: =SUM(EC45:EC56) -> 229326 | ED3: =SUM(ED45:ED56) -> 179668 | EE3: =SUM(EE45:EE56) -> 19965 | ... EG3: =SUM(EG45:EG56) -> 662441 | EI3: Jan - Dec '25 | EJ3: =SUM(EJ45:EJ56) -> 4323524 | EK3: =SUM(EK45:EK56) -> 250525 | EL3: =SUM(EL45:EL56) -> 1103312 | EM3: =SUM(EM45:EM56) -> 1264803 | EN3: =SUM(EN45:EN56) -> 142254 | EO3: =SUM(EO45:EO56) -> 139480 | EP3: =SUM(EP45:EP56) -> 91085 | EQ3: =SUM(EQ45:EQ56) -> 10243 | ... ES3: =SUM(ES45:ES56) -> 453697 | EU3: Jan - Dec '25 | EV3: =SUM(EV45:EV56) -> 11127345 | EW3: =SUM(EW45:EW56) -> 473393.23 | EX3: =SUM(EX45:EX56) -> 2034621.7 | EY3: =SUM(EY45:EY56) -> 2419249.9 | EZ3: =SUM(EZ45:EZ56) -> 383760.25 | FA3: =SUM(FA45:FA56) -> 270081.89 | FB3: =SUM(FB45:FB56) -> 234984.29 | FC3: =SUM(FC45:FC56) -> 24144.148 | ... FE3: =SUM(FE45:FE56) -> 910213.69 | FG3: Jan - Dec '25 | FH3: =SUM(FH45:FH56) -> 7045012.5 | FI3: =SUM(FI45:FI56) -> 299287.23 | FJ3: =SUM(FJ45:FJ56) -> 1422756.7 | FK3: =SUM(FK45:FK56) -> 1725849.9 | FL3: =SUM(FL45:FL56) -> 225218.25 | FM3: =SUM(FM45:FM56) -> 152046.89 | FN3: =SUM(FN45:FN56) -> 114960.29 | FO3: =SUM(FO45:FO56) -> 11547.148 | ... FQ3: =SUM(FQ45:FQ56) -> 608029.69 | FS3: Jan - Dec '25 | FT3: =SUM(FT45:FT56) -> 3456 | FU3: =SUM(FU45:FU56) -> 1124 | FV3: =SUM(FV45:FV56) -> 580 | FW3: =SUM(FW45:FW56) -> 605 | FX3: =SUM(FX45:FX56) -> 2526 | FY3: =SUM(FY45:FY56) -> 10320 | FZ3: =SUM(FZ45:FZ56) -> 2616 | GA3: =SUM(GA45:GA56) -> 8963 | ... GC3: =SUM(GC45:GC56) -> 30954 | GE3: Jan - Dec '25 | GF3: =SUM(GF45:GF56) -> 6400 | GG3: =SUM(GG45:GG56) -> 2136 | GH3: =SUM(GH45:GH56) -> 104 | GI3: =SUM(GI45:GI56) -> 814 | GJ3: =SUM(GJ45:GJ56) -> 1820 | GK3: =SUM(GK45:GK56) -> 20924 | GL3: =SUM(GL45:GL56) -> 1770 | GM3: =SUM(GM45:GM56) -> 17219 | ... GO3: =SUM(GO45:GO56) -> 53607 | GQ3: Jan - Dec '25 | GR3: =SUM(GR45:GR56) -> 6482 | GS3: =SUM(GS45:GS56) -> 37117 | GT3: =SUM(GT45:GT56) -> 269901 | GU3: =SUM(GU45:GU56) -> 185260 | GV3: =SUM(GV45:GV56) -> 175390 | GW3: =SUM(GW45:GW56) -> 62211 | GX3: =SUM(GX45:GX56) -> 468221 | GY3: =SUM(GY45:GY56) -> 596235 | ... HA3: =SUM(HA45:HA56) -> 1852677 | HC3: Jan - Dec '25 | HD3: =SUM(HD45:HD56) -> 22487024 | HE3: =SUM(HE45:HE56) -> 925935 | HF3: =SUM(HF45:HF56) -> 4117076 | HG3: =SUM(HG45:HG56) -> 4558265 | HH3: =SUM(HH45:HH56) -> 922565 | HI3: =SUM(HI45:HI56) -> 414093 | HJ3: =SUM(HJ45:HJ56) -> 528227 | HK3: =SUM(HK45:HK56) -> 39384 | ... HM3: =SUM(HM45:HM56) -> 2331290 | HO3: Jan - Dec '25 | HP3: =SUM(HP45:HP56) -> 8226991 | HQ3: =SUM(HQ45:HQ56) -> 426945 | HR3: =SUM(HR45:HR56) -> 2120841 | HS3: =SUM(HS45:HS56) -> 2212231 | HT3: =SUM(HT45:HT56) -> 442517 | HU3: =SUM(HU45:HU56) -> 266443 | HV3: =SUM(HV45:HV56) -> 355058 | HW3: =SUM(HW45:HW56) -> 26447 | ... HY3: =SUM(HY45:HY56) -> 932342
B4: 25 Sig Even Months | C4: =SUM(C47,C51,C52,C55:C56) -> 34 | D4: =SUM(D47,D51,D52,D55:D56) -> 812 | E4: =SUM(E47,E51,E52,E55:E56) -> 4014 | F4: =SUM(F47,F51,F52,F55:F56) -> 1567 | G4: =SUM(G47,G51,G52,G55:G56) -> 715 | H4: =SUM(H47,H51,H52,H55:H56) -> 644 | I4: =SUM(I47,I51,I52,I55:I56) -> 14548 | J4: =SUM(J47,J51,J52,J55:J56) -> 10717 | ... L4: =SUM(L47,L51,L52,L55:L56) -> 34917 | N4: 25 Sig Even Months | O4: =SUM(O47,O52,O55:O56) -> 24 | P4: =SUM(P47,P52,P55:P56) -> 636 | Q4: =SUM(Q47,Q52,Q55:Q56) -> 3137 | R4: =SUM(R47,R52,R55:R56) -> 1316 | S4: =SUM(S47,S52,S55:S56) -> 563 | T4: =SUM(T47,T52,T55:T56) -> 547 | U4: =SUM(U47,U52,U55:U56) -> 12004 | V4: =SUM(V47,V52,V55:V56) -> 9024 | ... X4: =SUM(X47,X52,X55:X56) -> 28817 | Z4: 25 Sig Even Months | AA4: =SUM(AA47,AA52,AA55:AA56) -> 585355 | AB4: =SUM(AB47,AB52,AB55:AB56) -> 2873029 | AC4: =SUM(AC47,AC52,AC55:AC56) -> 4641692 | AD4: =SUM(AD47,AD52,AD55:AD56) -> 180663 | AE4: =SUM(AE47,AE52,AE55:AE56) -> 342763 | AF4: =SUM(AF47,AF52,AF55:AF56) -> 162715 | AG4: =SUM(AG47,AG52,AG55:AG56) -> 20627 | AH4: =SUM(AH47,AH52,AH55:AH56) -> 227775 | ... AJ4: =SUM(AJ47,AJ52,AJ55:AJ56) -> 13126705 | AL4: 25 Sig Even Months | AM4: =SUM(AM47,AM52,AM55:AM56) -> 585355 | AN4: =SUM(AN47,AN52,AN55:AN56) -> 2873029 | AO4: =SUM(AO47,AO52,AO55:AO56) -> 4641692 | AP4: =SUM(AP47,AP52,AP55:AP56) -> 180663 | AQ4: =SUM(AQ47,AQ52,AQ55:AQ56) -> 342763 | AR4: =SUM(AR47,AR52,AR55:AR56) -> 162715 | AS4: =SUM(AS47,AS52,AS55:AS56) -> 20627 | AT4: =SUM(AT47,AT52,AT55:AT56) -> 227775 | ... AV4: =SUM(AV47,AV52,AV55:AV56) -> 10291299 | AX4: 25 Sig Even Months | AY4: =SUM(AY47,AY52,AY55:AY56) -> 443879 | AZ4: =SUM(AZ47,AZ52,AZ55:AZ56) -> 2269453 | BA4: =SUM(BA47,BA52,BA55:BA56) -> 3978207 | BB4: =SUM(BB47,BB52,BB55:BB56) -> 93907 | BC4: =SUM(BC47,BC52,BC55:BC56) -> 249856 | BD4: =SUM(BD47,BD52,BD55:BD56) -> 73716 | BE4: =SUM(BE47,BE52,BE55:BE56) -> 11277 | BF4: =SUM(BF47,BF52,BF55:BF56) -> 141418 | ... BH4: =SUM(BH47,BH52,BH55:BH56) -> 8208228 | BJ4: 25 Sig Even Months | BK4: =SUM(BK47,BK51,BK52,BK55:BK56) -> 14867606 | BM4: =SUM(BM47,BM51,BM52,BM55:BM56) -> 9082638 | BO4: =SUM(BO47,BO51,BO52,BO55:BO56) -> 5784968 | BP4: =SUM(BP47,BP51,BP52,BP55:BP56) -> 394941 | BQ4: =SUM(BQ47,BQ51,BQ52,BQ55:BQ56) -> 1712642 | BR4: =SUM(BR47,BR51,BR52,BR55:BR56) -> 1832354 | BS4: =SUM(BS47,BS51,BS52,BS55:BS56) -> 368181 | BT4: =SUM(BT47,BT51,BT52,BT55:BT56) -> 146237 | BU4: =SUM(BU47,BU51,BU52,BU55:BU56) -> 231404 | BV4: =SUM(BV47,BV51,BV52,BV55:BV56) -> 10469 | ... BY4: =SUM(BY47,BY51,BY52,BY55:BY56) -> 9281 | CA4: 25 Sig Even Months | CB4: =SUM(CB47,CB52,CB55:CB56) -> 446375 | CC4: =SUM(CC47,CC52,CC55:CC56) -> 15272 | CD4: =SUM(CD47,CD52,CD55:CD56) -> 73586 | CE4: =SUM(CE47,CE52,CE55:CE56) -> 101689 | CF4: =SUM(CF47,CF52,CF55:CF56) -> 13573 | CG4: =SUM(CG47,CG52,CG55:CG56) -> 9938 | CH4: =SUM(CH47,CH52,CH55:CH56) -> 6390 | CI4: =SUM(CI47,CI52,CI55:CI56) -> 578 | ... CK4: =SUM(CK47,CK52,CK55:CK56) -> 53896 | CM4: 25 Sig Even Months | CN4: =SUM(CN47,CN52,CN55:CN56) -> 622333 | CO4: =SUM(CO47,CO52,CO55:CO56) -> 24490 | CP4: =SUM(CP47,CP52,CP55:CP56) -> 108959 | CQ4: =SUM(CQ47,CQ52,CQ55:CQ56) -> 146265 | CR4: =SUM(CR47,CR52,CR55:CR56) -> 20862 | CS4: =SUM(CS47,CS52,CS55:CS56) -> 16761 | CT4: =SUM(CT47,CT52,CT55:CT56) -> 10690 | CU4: =SUM(CU47,CU52,CU55:CU56) -> 899 | ... CW4: =SUM(CW47,CW52,CW55:CW56) -> 76732 | CY4: 25 Sig Even Months | CZ4: =SUM(CZ47,CZ52,CZ55:CZ56) -> 267840 | DA4: =SUM(DA47,DA52,DA55:DA56) -> 3951 | DB4: =SUM(DB47,DB52,DB55:DB56) -> 17913 | DC4: =SUM(DC47,DC52,DC55:DC56) -> 24476 | DD4: =SUM(DD47,DD52,DD55:DD56) -> 2811 | DE4: =SUM(DE47,DE52,DE55:DE56) -> 3219 | DF4: =SUM(DF47,DF52,DF55:DF56) -> 1444 | DG4: =SUM(DG47,DG52,DG55:DG56) -> 142 | ... DI4: =SUM(DI47,DI52,DI55:DI56) -> 9364 | DK4: 25 Sig Even Months | DL4: =SUM(DL47,DL52,DL55:DL56) -> 354493 | DM4: =SUM(DM47,DM52,DM55:DM56) -> 20539 | DN4: =SUM(DN47,DN52,DN55:DN56) -> 91046 | DO4: =SUM(DO47,DO52,DO55:DO56) -> 121789 | DP4: =SUM(DP47,DP52,DP55:DP56) -> 18051 | DQ4: =SUM(DQ47,DQ52,DQ55:DQ56) -> 13542 | DR4: =SUM(DR47,DR52,DR55:DR56) -> 9246 | DS4: =SUM(DS47,DS52,DS55:DS56) -> 757 | ... DU4: =SUM(DU47,DU52,DU55:DU56) -> 67368 | DW4: 25 Sig Even Months | DX4: =SUM(DX47,DX52,DX55:DX56) -> 2395842 | DY4: =SUM(DY47,DY52,DY55:DY56) -> 134190 | DZ4: =SUM(DZ47,DZ52,DZ55:DZ56) -> 560197 | EA4: =SUM(EA47,EA52,EA55:EA56) -> 665409 | EB4: =SUM(EB47,EB52,EB55:EB56) -> 90011 | EC4: =SUM(EC47,EC52,EC55:EC56) -> 76023 | ED4: =SUM(ED47,ED52,ED55:ED56) -> 65547 | EE4: =SUM(EE47,EE52,EE55:EE56) -> 3610 | ... EG4: =SUM(EG47,EG52,EG55:EG56) -> 250497 | EI4: 25 Sig Even Months | EJ4: =SUM(EJ47,EJ52,EJ55:EJ56) -> 1687907 | EK4: =SUM(EK47,EK52,EK55:EK56) -> 89363 | EL4: =SUM(EL47,EL52,EL55:EL56) -> 411590 | EM4: =SUM(EM47,EM52,EM55:EM56) -> 505598 | EN4: =SUM(EN47,EN52,EN55:EN56) -> 51339 | EO4: =SUM(EO47,EO52,EO55:EO56) -> 47673 | EP4: =SUM(EP47,EP52,EP55:EP56) -> 33479 | EQ4: =SUM(EQ47,EQ52,EQ55:EQ56) -> 1925 | ... ES4: =SUM(ES47,ES52,ES55:ES56) -> 182743 | EU4: 25 Sig Even Months | EV4: =SUM(EV47,EV52,EV55:EV56) -> 3974866 | EW4: =SUM(EW47,EW52,EW55:EW56) -> 174736 | EX4: =SUM(EX47,EX52,EX55:EX56) -> 738166 | EY4: =SUM(EY47,EY52,EY55:EY56) -> 907204 | EZ4: =SUM(EZ47,EZ52,EZ55:EZ56) -> 134771 | FA4: =SUM(FA47,FA52,FA55:FA56) -> 88923 | FB4: =SUM(FB47,FB52,FB55:FB56) -> 85773 | FC4: =SUM(FC47,FC52,FC55:FC56) -> 4210 | ... FE4: =SUM(FE47,FE52,FE55:FE56) -> 329290 | FG4: 25 Sig Even Months | FH4: =SUM(FH47,FH52,FH55:FH56) -> 2724662 | FI4: =SUM(FI47,FI52,FI55:FI56) -> 112025 | FJ4: =SUM(FJ47,FJ52,FJ55:FJ56) -> 521491 | FK4: =SUM(FK47,FK52,FK55:FK56) -> 681519 | FL4: =SUM(FL47,FL52,FL55:FL56) -> 80902 | FM4: =SUM(FM47,FM52,FM55:FM56) -> 50624 | FN4: =SUM(FN47,FN52,FN55:FN56) -> 41882 | FO4: =SUM(FO47,FO52,FO55:FO56) -> 2077 | ... FQ4: =SUM(FQ47,FQ52,FQ55:FQ56) -> 228847 | FS4: 25 Sig Even Months | FT4: =SUM(FT47,FT52,FT55:FT56) -> 1481 | FU4: =SUM(FU47,FU52,FU55:FU56) -> 375 | FV4: =SUM(FV47,FV52,FV55:FV56) -> 73 | FW4: =SUM(FW47,FW52,FW55:FW56) -> 212 | FX4: =SUM(FX47,FX52,FX55:FX56) -> 723 | FY4: =SUM(FY47,FY52,FY55:FY56) -> 4085 | FZ4: =SUM(FZ47,FZ52,FZ55:FZ56) -> 868 | GA4: =SUM(GA47,GA52,GA55:GA56) -> 3770 | ... GC4: =SUM(GC47,GC52,GC55:GC56) -> 11933 | GE4: 25 Sig Even Months | GF4: =SUM(GF47,GF52,GF55:GF56) -> 2147 | GG4: =SUM(GG47,GG52,GG55:GG56) -> 651 | GH4: =SUM(GH47,GH52,GH55:GH56) -> 10 | GI4: =SUM(GI47,GI52,GI55:GI56) -> 279 | GJ4: =SUM(GJ47,GJ52,GJ55:GJ56) -> 480 | GK4: =SUM(GK47,GK52,GK55:GK56) -> 7834 | GL4: =SUM(GL47,GL52,GL55:GL56) -> 553 | GM4: =SUM(GM47,GM52,GM55:GM56) -> 6279 | ... GO4: =SUM(GO47,GO52,GO55:GO56) -> 19121 | GQ4: 25 Sig Even Months | GR4: =SUM(GR47,GR52,GR55:GR56) -> 1623 | GS4: =SUM(GS47,GS52,GS55:GS56) -> 12261 | GT4: =SUM(GT47,GT52,GT55:GT56) -> 90910 | GU4: =SUM(GU47,GU52,GU55:GU56) -> 63205 | GV4: =SUM(GV47,GV52,GV55:GV56) -> 65360 | GW4: =SUM(GW47,GW52,GW55:GW56) -> 20115 | GX4: =SUM(GX47,GX52,GX55:GX56) -> 156770 | GY4: =SUM(GY47,GY52,GY55:GY56) -> 210651 | ... HA4: =SUM(HA47,HA52,HA55:HA56) -> 650416 | HC4: 25 Sig Even Months | HD4: =SUM(HD47,HD52,HD55:HD56) -> 7930909 | HE4: =SUM(HE47,HE52,HE55:HE56) -> 349003 | HF4: =SUM(HF47,HF52,HF55:HF56) -> 1505398 | HG4: =SUM(HG47,HG52,HG55:HG56) -> 1598949 | HH4: =SUM(HH47,HH52,HH55:HH56) -> 320946 | HI4: =SUM(HI47,HI52,HI55:HI56) -> 121647 | HJ4: =SUM(HJ47,HJ52,HJ55:HJ56) -> 206518 | HK4: =SUM(HK47,HK52,HK55:HK56) -> 9296 | ... HM4: =SUM(HM47,HM52,HM55:HM56) -> 802532 | HO4: 25 Sig Even Months | HP4: =SUM(HP47,HP52,HP55:HP56) -> 3046258 | HQ4: =SUM(HQ47,HQ52,HQ55:HQ56) -> 163711 | HR4: =SUM(HR47,HR52,HR55:HR56) -> 770848 | HS4: =SUM(HS47,HS52,HS55:HS56) -> 822179 | HT4: =SUM(HT47,HT52,HT55:HT56) -> 153216 | HU4: =SUM(HU47,HU52,HU55:HU56) -> 88284 | HV4: =SUM(HV47,HV52,HV55:HV56) -> 130907 | HW4: =SUM(HW47,HW52,HW55:HW56) -> 5233 | ... HY4: =SUM(HY47,HY52,HY55:HY56) -> 341407
B5: 25 Non-Sig Even Months | C5: =SUM(C45,C46,C48,C49,C50,C53,C54) -> 58 | D5: =SUM(D45,D46,D48,D49,D50,D53,D54) -> 1105 | E5: =SUM(E45,E46,E48,E49,E50,E53,E54) -> 4279 | F5: =SUM(F45,F46,F48,F49,F50,F53,F54) -> 2086 | G5: =SUM(G45,G46,G48,G49,G50,G53,G54) -> 889 | H5: =SUM(H45,H46,H48,H49,H50,H53,H54) -> 1229 | I5: =SUM(I45,I46,I48,I49,I50,I53,I54) -> 16009 | J5: =SUM(J45,J46,J48,J49,J50,J53,J54) -> 11504 | ... L5: =SUM(L45,L46,L48,L49,L50,L53,L54) -> 39167 | N5: 25 Non-Sig Even Months | O5: =SUM(O45,O46,O48,O49,O50,O51,O53,O54) -> 68 | P5: =SUM(P45,P46,P48,P49,P50,P51,P53,P54) -> 1281 | Q5: =SUM(Q45,Q46,Q48,Q49,Q50,Q51,Q53,Q54) -> 5156 | R5: =SUM(R45,R46,R48,R49,R50,R51,R53,R54) -> 2337 | S5: =SUM(S45,S46,S48,S49,S50,S51,S53,S54) -> 1041 | T5: =SUM(T45,T46,T48,T49,T50,T51,T53,T54) -> 1326 | U5: =SUM(U45,U46,U48,U49,U50,U51,U53,U54) -> 18553 | V5: =SUM(V45,V46,V48,V49,V50,V51,V53,V54) -> 13197 | ... X5: =SUM(X45,X46,X48,X49,X50,X51,X53,X54) -> 45267 | Z5: 25 Non-Sig Even Months | AA5: =SUM(AA45,AA46,AA48,AA49,AA50,AA51,AA53,AA54) -> 1019436 | AB5: =SUM(AB45,AB46,AB48,AB49,AB50,AB51,AB53,AB54) -> 5489438 | AC5: =SUM(AC45,AC46,AC48,AC49,AC50,AC51,AC53,AC54) -> 7102242 | AD5: =SUM(AD45,AD46,AD48,AD49,AD50,AD51,AD53,AD54) -> 338379 | AE5: =SUM(AE45,AE46,AE48,AE49,AE50,AE51,AE53,AE54) -> 835084 | AF5: =SUM(AF45,AF46,AF48,AF49,AF50,AF51,AF53,AF54) -> 295129 | AG5: =SUM(AG45,AG46,AG48,AG49,AG50,AG51,AG53,AG54) -> 90003 | AH5: =SUM(AH45,AH46,AH48,AH49,AH50,AH51,AH53,AH54) -> 496161 | ... AJ5: =SUM(AJ45,AJ46,AJ48,AJ49,AJ50,AJ51,AJ53,AJ54) -> 23579958 | AL5: 25 Non-Sig Even Months | AM5: =SUM(AM45,AM46,AM48,AM49,AM50,AM51,AM53,AM54) -> 978856 | AN5: =SUM(AN45,AN46,AN48,AN49,AN50,AN51,AN53,AN54) -> 5342759 | AO5: =SUM(AO45,AO46,AO48,AO49,AO50,AO51,AO53,AO54) -> 6908386 | AP5: =SUM(AP45,AP46,AP48,AP49,AP50,AP51,AP53,AP54) -> 338367 | AQ5: =SUM(AQ45,AQ46,AQ48,AQ49,AQ50,AQ51,AQ53,AQ54) -> 795836 | AR5: =SUM(AR45,AR46,AR48,AR49,AR50,AR51,AR53,AR54) -> 295141 | AS5: =SUM(AS45,AS46,AS48,AS49,AS50,AS51,AS53,AS54) -> 89976 | AT5: =SUM(AT45,AT46,AT48,AT49,AT50,AT51,AT53,AT54) -> 496183 | ... AV5: =SUM(AV45,AV46,AV48,AV49,AV50,AV51,AV53,AV54) -> 17429885 | AX5: 25 Non-Sig Even Months | AY5: =SUM(AY45,AY46,AY48,AY49,AY50,AY51,AY53,AY54) -> 812567 | AZ5: =SUM(AZ45,AZ46,AZ48,AZ49,AZ50,AZ51,AZ53,AZ54) -> 4416778 | BA5: =SUM(BA45,BA46,BA48,BA49,BA50,BA51,BA53,BA54) -> 5738792 | BB5: =SUM(BB45,BB46,BB48,BB49,BB50,BB51,BB53,BB54) -> 162401 | BC5: =SUM(BC45,BC46,BC48,BC49,BC50,BC51,BC53,BC54) -> 582034 | BD5: =SUM(BD45,BD46,BD48,BD49,BD50,BD51,BD53,BD54) -> 138439 | BE5: =SUM(BE45,BE46,BE48,BE49,BE50,BE51,BE53,BE54) -> 46128 | BF5: =SUM(BF45,BF46,BF48,BF49,BF50,BF51,BF53,BF54) -> 322015 | ... BH5: =SUM(BH45,BH46,BH48,BH49,BH50,BH51,BH53,BH54) -> 13802413 | BJ5: 25 Non-Sig Even Months | BK5: =SUM(BK45,BK46,BK48,BK49,BK50,BK53,BK54) -> 19067940 | BM5: =SUM(BM45,BM46,BM48,BM49,BM50,BM53,BM54) -> 11675625 | BO5: =SUM(BO45,BO46,BO48,BO49,BO50,BO53,BO54) -> 7392315 | BP5: =SUM(BP45,BP46,BP48,BP49,BP50,BP53,BP54) -> 464909 | BQ5: =SUM(BQ45,BQ46,BQ48,BQ49,BQ50,BQ53,BQ54) -> 2129753 | BR5: =SUM(BR45,BR46,BR48,BR49,BR50,BR53,BR54) -> 2362878 | BS5: =SUM(BS45,BS46,BS48,BS49,BS50,BS53,BS54) -> 487101 | BT5: =SUM(BT45,BT46,BT48,BT49,BT50,BT53,BT54) -> 218452 | BU5: =SUM(BU45,BU46,BU48,BU49,BU50,BU53,BU54) -> 266511 | BV5: =SUM(BV45,BV46,BV48,BV49,BV50,BV53,BV54) -> 23814 | ... BY5: =SUM(BY45,BY46,BY48,BY49,BY50,BY53,BY54) -> 19063 | CA5: 25 Non-Sig Even Months | CB5: =SUM(CB45,CB46,CB48,CB49,CB50,CB51,CB53,CB54) -> 837965 | CC5: =SUM(CC45,CC46,CC48,CC49,CC50,CC51,CC53,CC54) -> 26295 | CD5: =SUM(CD45,CD46,CD48,CD49,CD50,CD51,CD53,CD54) -> 111825 | CE5: =SUM(CE45,CE46,CE48,CE49,CE50,CE51,CE53,CE54) -> 144212 | CF5: =SUM(CF45,CF46,CF48,CF49,CF50,CF51,CF53,CF54) -> 32377 | CG5: =SUM(CG45,CG46,CG48,CG49,CG50,CG51,CG53,CG54) -> 18958 | CH5: =SUM(CH45,CH46,CH48,CH49,CH50,CH51,CH53,CH54) -> 12133 | CI5: =SUM(CI45,CI46,CI48,CI49,CI50,CI51,CI53,CI54) -> 2700 | ... CK5: =SUM(CK45,CK46,CK48,CK49,CK50,CK51,CK53,CK54) -> 111394 | CM5: 25 Non-Sig Even Months | CN5: =SUM(CN45,CN46,CN48,CN49,CN50,CN51,CN53,CN54) -> 1106428 | CO5: =SUM(CO45,CO46,CO48,CO49,CO50,CO51,CO53,CO54) -> 41595 | CP5: =SUM(CP45,CP46,CP48,CP49,CP50,CP51,CP53,CP54) -> 165722 | CQ5: =SUM(CQ45,CQ46,CQ48,CQ49,CQ50,CQ51,CQ53,CQ54) -> 216768 | CR5: =SUM(CR45,CR46,CR48,CR49,CR50,CR51,CR53,CR54) -> 46421 | CS5: =SUM(CS45,CS46,CS48,CS49,CS50,CS51,CS53,CS54) -> 32643 | CT5: =SUM(CT45,CT46,CT48,CT49,CT50,CT51,CT53,CT54) -> 19622 | CU5: =SUM(CU45,CU46,CU48,CU49,CU50,CU51,CU53,CU54) -> 4202 | ... CW5: =SUM(CW45,CW46,CW48,CW49,CW50,CW51,CW53,CW54) -> 149922 | CY5: 25 Non-Sig Even Months | CZ5: =SUM(CZ45,CZ46,CZ48,CZ49,CZ50,CZ51,CZ53,CZ54) -> 500900 | DA5: =SUM(DA45,DA46,DA48,DA49,DA50,DA51,DA53,DA54) -> 6636 | DB5: =SUM(DB45,DB46,DB48,DB49,DB50,DB51,DB53,DB54) -> 24912 | DC5: =SUM(DC45,DC46,DC48,DC49,DC50,DC51,DC53,DC54) -> 37618 | DD5: =SUM(DD45,DD46,DD48,DD49,DD50,DD51,DD53,DD54) -> 5840 | DE5: =SUM(DE45,DE46,DE48,DE49,DE50,DE51,DE53,DE54) -> 5591 | DF5: =SUM(DF45,DF46,DF48,DF49,DF50,DF51,DF53,DF54) -> 2572 | DG5: =SUM(DG45,DG46,DG48,DG49,DG50,DG51,DG53,DG54) -> 582 | ... DI5: =SUM(DI45,DI46,DI48,DI49,DI50,DI51,DI53,DI54) -> 15668 | DK5: 25 Non-Sig Even Months | DL5: =SUM(DL45,DL46,DL48,DL49,DL50,DL51,DL53,DL54) -> 605528 | DM5: =SUM(DM45,DM46,DM48,DM49,DM50,DM51,DM53,DM54) -> 34959 | DN5: =SUM(DN45,DN46,DN48,DN49,DN50,DN51,DN53,DN54) -> 140810 | DO5: =SUM(DO45,DO46,DO48,DO49,DO50,DO51,DO53,DO54) -> 179150 | DP5: =SUM(DP45,DP46,DP48,DP49,DP50,DP51,DP53,DP54) -> 40581 | DQ5: =SUM(DQ45,DQ46,DQ48,DQ49,DQ50,DQ51,DQ53,DQ54) -> 27052 | DR5: =SUM(DR45,DR46,DR48,DR49,DR50,DR51,DR53,DR54) -> 17050 | DS5: =SUM(DS45,DS46,DS48,DS49,DS50,DS51,DS53,DS54) -> 3620 | ... DU5: =SUM(DU45,DU46,DU48,DU49,DU50,DU51,DU53,DU54) -> 134254 | DW5: 25 Non-Sig Even Months | DX5: =SUM(DX45,DX46,DX48,DX49,DX50,DX51,DX53,DX54) -> 3978472 | DY5: =SUM(DY45,DY46,DY48,DY49,DY50,DY51,DY53,DY54) -> 240895 | DZ5: =SUM(DZ45,DZ46,DZ48,DZ49,DZ50,DZ51,DZ53,DZ54) -> 964409 | EA5: =SUM(EA45,EA46,EA48,EA49,EA50,EA51,EA53,EA54) -> 1078601 | EB5: =SUM(EB45,EB46,EB48,EB49,EB50,EB51,EB53,EB54) -> 167246 | EC5: =SUM(EC45,EC46,EC48,EC49,EC50,EC51,EC53,EC54) -> 153303 | ED5: =SUM(ED45,ED46,ED48,ED49,ED50,ED51,ED53,ED54) -> 114121 | EE5: =SUM(EE45,EE46,EE48,EE49,EE50,EE51,EE53,EE54) -> 16355 | ... EG5: =SUM(EG45,EG46,EG48,EG49,EG50,EG51,EG53,EG54) -> 411944 | EI5: 25 Non-Sig Even Months | EJ5: =SUM(EJ45,EJ46,EJ48,EJ49,EJ50,EJ51,EJ53,EJ54) -> 2635617 | EK5: =SUM(EK45,EK46,EK48,EK49,EK50,EK51,EK53,EK54) -> 161162 | EL5: =SUM(EL45,EL46,EL48,EL49,EL50,EL51,EL53,EL54) -> 691722 | EM5: =SUM(EM45,EM46,EM48,EM49,EM50,EM51,EM53,EM54) -> 759205 | EN5: =SUM(EN45,EN46,EN48,EN49,EN50,EN51,EN53,EN54) -> 90915 | EO5: =SUM(EO45,EO46,EO48,EO49,EO50,EO51,EO53,EO54) -> 91807 | EP5: =SUM(EP45,EP46,EP48,EP49,EP50,EP51,EP53,EP54) -> 57606 | EQ5: =SUM(EQ45,EQ46,EQ48,EQ49,EQ50,EQ51,EQ53,EQ54) -> 8318 | ... ES5: =SUM(ES45,ES46,ES48,ES49,ES50,ES51,ES53,ES54) -> 270954 | EU5: 25 Non-Sig Even Months | EV5: =SUM(EV45,EV46,EV48,EV49,EV50,EV51,EV53,EV54) -> 7152478.5 | EW5: =SUM(EW45,EW46,EW48,EW49,EW50,EW51,EW53,EW54) -> 298657.23 | EX5: =SUM(EX45,EX46,EX48,EX49,EX50,EX51,EX53,EX54) -> 1296455.7 | EY5: =SUM(EY45,EY46,EY48,EY49,EY50,EY51,EY53,EY54) -> 1512045.9 | EZ5: =SUM(EZ45,EZ46,EZ48,EZ49,EZ50,EZ51,EZ53,EZ54) -> 248989.25 | FA5: =SUM(FA45,FA46,FA48,FA49,FA50,FA51,FA53,FA54) -> 181158.89 | FB5: =SUM(FB45,FB46,FB48,FB49,FB50,FB51,FB53,FB54) -> 149211.29 | FC5: =SUM(FC45,FC46,FC48,FC49,FC50,FC51,FC53,FC54) -> 19934.148 | ... FE5: =SUM(FE45,FE46,FE48,FE49,FE50,FE51,FE53,FE54) -> 580923.69 | FG5: 25 Non-Sig Even Months | FH5: =SUM(FH45,FH46,FH48,FH49,FH50,FH51,FH53,FH54) -> 4320350.5 | FI5: =SUM(FI45,FI46,FI48,FI49,FI50,FI51,FI53,FI54) -> 187262.23 | FJ5: =SUM(FJ45,FJ46,FJ48,FJ49,FJ50,FJ51,FJ53,FJ54) -> 901265.72 | FK5: =SUM(FK45,FK46,FK48,FK49,FK50,FK51,FK53,FK54) -> 1044330.9 | FL5: =SUM(FL45,FL46,FL48,FL49,FL50,FL51,FL53,FL54) -> 144316.25 | FM5: =SUM(FM45,FM46,FM48,FM49,FM50,FM51,FM53,FM54) -> 101422.89 | FN5: =SUM(FN45,FN46,FN48,FN49,FN50,FN51,FN53,FN54) -> 73078.29 | FO5: =SUM(FO45,FO46,FO48,FO49,FO50,FO51,FO53,FO54) -> 9470.1479 | ... FQ5: =SUM(FQ45,FQ46,FQ48,FQ49,FQ50,FQ51,FQ53,FQ54) -> 379182.69 | FS5: 25 Non-Sig Even Months | FT5: =SUM(FT45,FT46,FT48,FT49,FT50,FT51,FT53,FT54) -> 1975 | FU5: =SUM(FU45,FU46,FU48,FU49,FU50,FU51,FU53,FU54) -> 749 | FV5: =SUM(FV45,FV46,FV48,FV49,FV50,FV51,FV53,FV54) -> 507 | FW5: =SUM(FW45,FW46,FW48,FW49,FW50,FW51,FW53,FW54) -> 393 | FX5: =SUM(FX45,FX46,FX48,FX49,FX50,FX51,FX53,FX54) -> 1803 | FY5: =SUM(FY45,FY46,FY48,FY49,FY50,FY51,FY53,FY54) -> 6235 | FZ5: =SUM(FZ45,FZ46,FZ48,FZ49,FZ50,FZ51,FZ53,FZ54) -> 1748 | GA5: =SUM(GA45,GA46,GA48,GA49,GA50,GA51,GA53,GA54) -> 5193 | ... GC5: =SUM(GC45,GC46,GC48,GC49,GC50,GC51,GC53,GC54) -> 19021 | GE5: 25 Non-Sig Even Months | GF5: =SUM(GF45,GF46,GF48,GF49,GF50,GF51,GF53,GF54) -> 4253 | GG5: =SUM(GG45,GG46,GG48,GG49,GG50,GG51,GG53,GG54) -> 1485 | GH5: =SUM(GH45,GH46,GH48,GH49,GH50,GH51,GH53,GH54) -> 94 | GI5: =SUM(GI45,GI46,GI48,GI49,GI50,GI51,GI53,GI54) -> 535 | GJ5: =SUM(GJ45,GJ46,GJ48,GJ49,GJ50,GJ51,GJ53,GJ54) -> 1340 | GK5: =SUM(GK45,GK46,GK48,GK49,GK50,GK51,GK53,GK54) -> 13090 | GL5: =SUM(GL45,GL46,GL48,GL49,GL50,GL51,GL53,GL54) -> 1217 | GM5: =SUM(GM45,GM46,GM48,GM49,GM50,GM51,GM53,GM54) -> 10940 | ... GO5: =SUM(GO45,GO46,GO48,GO49,GO50,GO51,GO53,GO54) -> 34486 | GQ5: 25 Non-Sig Even Months | GR5: =SUM(GR45,GR46,GR48,GR49,GR50,GR51,GR53,GR54) -> 4859 | GS5: =SUM(GS45,GS46,GS48,GS49,GS50,GS51,GS53,GS54) -> 24856 | GT5: =SUM(GT45,GT46,GT48,GT49,GT50,GT51,GT53,GT54) -> 178991 | GU5: =SUM(GU45,GU46,GU48,GU49,GU50,GU51,GU53,GU54) -> 122055 | GV5: =SUM(GV45,GV46,GV48,GV49,GV50,GV51,GV53,GV54) -> 110030 | GW5: =SUM(GW45,GW46,GW48,GW49,GW50,GW51,GW53,GW54) -> 42096 | GX5: =SUM(GX45,GX46,GX48,GX49,GX50,GX51,GX53,GX54) -> 311451 | GY5: =SUM(GY45,GY46,GY48,GY49,GY50,GY51,GY53,GY54) -> 385584 | ... HA5: =SUM(HA45,HA46,HA48,HA49,HA50,HA51,HA53,HA54) -> 1202261 | HC5: 25 Non-Sig Even Months | HD5: =SUM(HD45,HD46,HD48,HD49,HD50,HD51,HD53,HD54) -> 14556115 | HE5: =SUM(HE45,HE46,HE48,HE49,HE50,HE51,HE53,HE54) -> 576932 | HF5: =SUM(HF45,HF46,HF48,HF49,HF50,HF51,HF53,HF54) -> 2611678 | HG5: =SUM(HG45,HG46,HG48,HG49,HG50,HG51,HG53,HG54) -> 2959316 | HH5: =SUM(HH45,HH46,HH48,HH49,HH50,HH51,HH53,HH54) -> 601619 | HI5: =SUM(HI45,HI46,HI48,HI49,HI50,HI51,HI53,HI54) -> 292446 | HJ5: =SUM(HJ45,HJ46,HJ48,HJ49,HJ50,HJ51,HJ53,HJ54) -> 321709 | HK5: =SUM(HK45,HK46,HK48,HK49,HK50,HK51,HK53,HK54) -> 30088 | ... HM5: =SUM(HM45,HM46,HM48,HM49,HM50,HM51,HM53,HM54) -> 1528758 | HO5: 25 Non-Sig Even Months | HP5: =SUM(HP45,HP46,HP48,HP49,HP50,HP51,HP53,HP54) -> 5180733 | HQ5: =SUM(HQ45,HQ46,HQ48,HQ49,HQ50,HQ51,HQ53,HQ54) -> 263234 | HR5: =SUM(HR45,HR46,HR48,HR49,HR50,HR51,HR53,HR54) -> 1349993 | HS5: =SUM(HS45,HS46,HS48,HS49,HS50,HS51,HS53,HS54) -> 1390052 | HT5: =SUM(HT45,HT46,HT48,HT49,HT50,HT51,HT53,HT54) -> 289301 | HU5: =SUM(HU45,HU46,HU48,HU49,HU50,HU51,HU53,HU54) -> 178159 | HV5: =SUM(HV45,HV46,HV48,HV49,HV50,HV51,HV53,HV54) -> 224151 | HW5: =SUM(HW45,HW46,HW48,HW49,HW50,HW51,HW53,HW54) -> 21214 | ... HY5: =SUM(HY45,HY46,HY48,HY49,HY50,HY51,HY53,HY54) -> 590935
B7: Sales (T3 Timeframes) | N7: Sales | Z7: T1 Site Visits | AL7: VLPs | AX7: VLPs | In-Market Only | BJ7: T3 SV + VDPs | BM7: T3 Sales Visits | BO7: T3 VDPs | CA7: 2026 T1 HVAs |In-Market (only) | CM7: 2026 T1 HVAs |Total | CY7: 2026 HVAs |T1 to T3 Referrals | DK7: 2026 HVAs |VDP Visits | DW7: 2026 MVAs | (total 7x actions) | EI7: 2026 MVAs | (In-Market Only) | EU7: 2025 HVAs | FG7: 2025 HVAs | In-Market Only | FS7: Leads | GF7: Credit Applications | GQ7: Endemic VDPs | HC7: Total Shop Goals | Total = T3 Referrals + T1 VDPs + Sales Visits | Models = T3 Referrals + T1 VDPs + T3 VDPs | HO7: Total Research Goals | T1 MVAs + Endemic VDPs
C8: genesis_electrified_g80 | D8: genesis_electrified_gv70 | E8: genesis_g70 | F8: genesis_g80 | G8: genesis_g90 | H8: genesis_gv60 | I8: genesis_gv70 | J8: genesis_gv80 | K8: genesis_gv80_coupe | L8: Grand Total | O8: genesis_electrified_g80 | P8: genesis_electrified_gv70 | Q8: genesis_g70 | R8: genesis_g80 | S8: genesis_g90 | T8: genesis_gv60 | U8: genesis_gv70 | V8: genesis_gv80 | W8: genesis_gv80_coupe | X8: Grand Total | AA8: GV80 Coupe | AB8: GV80 | AC8: GV70 | AD8: G80 | AE8: Electrified GV70 | AF8: G90 | AG8: Electrified G80 | AH8: GV60 | AI8: G70 | AJ8: Total | AM8: GV80 Coupe VLP Visits | AN8: GV80 VLP Visits | AO8: GV70 VLP Visits | AP8: G80 VLP Visits | AQ8: Electrified GV70 VLP Visits | AR8: G90 VLP Visits | AS8: Electrified G80 VLP Visits | AT8: GV60 VLP Visits | AU8: G70 VLP Visits | AV8: Total | AY8: GV80 Coupe VLP Visits | AZ8: GV80 VLP Visits | BA8: GV70 VLP Visits | BB8: G80 VLP Visits | BC8: Electrified GV70 VLP Visits | BD8: G90 VLP Visits | BE8: Electrified G80 VLP Visits | BF8: GV60 VLP Visits | BG8: G70 VLP Visits | BH8: Total | BK8: Total | BM8: T3 Sales Visits | BO8: T3 VDPs | BP8: GV80 Coupe | BQ8: GV80 | BR8: GV70 | BS8: G80 | BT8: Electrified GV70 | BU8: G90 | BV8: Electrified G80 | BW8: GV60 | BX8: G70 | CB8: Total | CC8: GV80 Coupe | CD8: GV80 | CE8: GV70 | CF8: G80 | CG8: Electrified GV70 | CH8: G90 | CI8: Electrified G80 | CJ8: GV60 | CK8: G70 | CN8: Total | CO8: GV80 Coupe | CP8: GV80 | CQ8: GV70 | CR8: G80 | CS8: Electrified GV70 | CT8: G90 | CU8: Electrified G80 | CV8: GV60 | CW8: G70 | CZ8: Total | DA8: GV80 Coupe | DB8: GV80 | DC8: GV70 | DD8: G80 | DE8: Electrified GV70 | DF8: G90 | DG8: Electrified G80 | DH8: GV60 | DI8: G70 | DL8: Total (sum models) | DM8: GV80 Coupe | DN8: GV80 | DO8: GV70 | DP8: G80 | DQ8: Electrified GV70 | DR8: G90 | DS8: Electrified G80 | DT8: GV60 | DU8: G70 | DX8: Total | DY8: GV80 Coupe | DZ8: GV80 | EA8: GV70 | EB8: G80 | EC8: Electrified GV70 | ED8: G90 | EE8: Electrified G80 | EF8: GV60 | EG8: G70 | EJ8: Total | EK8: GV80 Coupe | EL8: GV80 | EM8: GV70 | EN8: G80 | EO8: Electrified GV70 | EP8: G90 | EQ8: Electrified G80 | ER8: GV60 | ES8: G70 | EV8: Total | EW8: GV80 Coupe | EX8: GV80 | EY8: GV70 | EZ8: G80 | FA8: Electrified GV70 | FB8: G90 | FC8: Electrified G80 | FD8: GV60 | FE8: G70 | FH8: Total | FI8: GV80 Coupe | FJ8: GV80 | FK8: GV70 | FL8: G80 | FM8: Electrified GV70 | FN8: G90 | FO8: Electrified G80 | FP8: GV60 | FQ8: G70 | FT8: G70 | FU8: G80 | FV8: eG80 | FW8: G90 | FX8: GV60 | FY8: GV70 | FZ8: eGV70 | GA8: GV80 | GB8: GV80 Coupe | GC8: Total | GF8: G70 | GG8: G80 | GH8: G80 Electrified | GI8: G90 | GJ8: GV60 | GK8: GV70 | GL8: GV70 Electrified | GM8: GV80 | GN8: GV80 Coupe | GO8: Total | GR8: electrified g80 | GS8: electrified gv70 | GT8: g70 | GU8: g80 | GV8: g90 | GW8: gv60 | GX8: gv70 | GY8: gv80 | GZ8: gv80 coupe | HA8: Total | HD8: Total | HE8: GV80 Coupe | HF8: GV80 | HG8: GV70 | HH8: G80 | HI8: Electrified GV70 | HJ8: G90 | HK8: Electrified G80 | HL8: GV60 | HM8: G70 | HP8: Total | HQ8: GV80 Coupe | HR8: GV80 | HS8: GV70 | HT8: G80 | HU8: Electrified GV70 | HV8: G90 | HW8: Electrified G80 | HX8: GV60 | HY8: G70
B9: 44562 | C9: 0 | D9: 0 | E9: 679 | F9: 405 | G9: 187 | H9: 0 | I9: 1165 | J9: 1200 | K9: 0 | L9: =SUM(C9:K9) -> 3636 | N9: 44562 | O9: 0 | P9: 0 | Q9: 679 | R9: 405 | S9: 187 | T9: 0 | U9: 1165 | V9: 1200 | W9: 0 | X9: =SUM(O9:W9) -> 3636 | Z9: 44562 | AL9: 44562 | AM9: 0 | AN9: 348846 | AO9: 474722 | AP9: 162305 | AQ9: 0 | AR9: 114093 | AS9: 0 | AT9: 19234 | AU9: 233420 | AV9: =SUM(AM9:AU9) -> 1352620 | AX9: 44562 | AY9: 0 | AZ9: 159924 | BA9: 181909 | BB9: 71101 | BC9: 0 | BD9: 51904 | BE9: 0 | BF9: 11436 | BG9: 105808 | BH9: =SUM(AY9:BG9) -> 582082 | BJ9: 44562 | CA9: 44562 | CM9: 44562 | CY9: 44562 | DK9: 44562 | DW9: 44562 | EI9: 44562 | EU9: 44562 | EV9: 479142 | EW9: 0 | EX9: 128224 | EY9: 177080 | EZ9: 31073 | FA9: 0 | FB9: 16651 | FC9: 0 | FD9: 2281 | FE9: 70464 | FG9: 44562 | FH9: 226976 | FI9: 0 | FJ9: 61290 | FK9: 84333 | FL9: 14573 | FM9: 0 | FN9: 7832 | FO9: 0 | FP9: 1479 | FQ9: 33301 | FS9: 44562 | FT9: 384 | FU9: 165 | FW9: 51 | FY9: 1238 | GA9: 772 | GC9: 2562 | GE9: 44562 | GQ9: 44562 | HC9: 44562 | HD9: =CZ9+DL9+BM9 -> 0 | HE9: =DA9+DM9+BP9 -> 0 | HF9: =DB9+DN9+BQ9 -> 0 | HG9: =DC9+DO9+BR9 -> 0 | HH9: =DD9+DP9+BS9 -> 0 | HI9: =DE9+DQ9+BT9 -> 0 | HJ9: =DF9+DR9+BU9 -> 0 | HK9: =DG9+DS9+BV9 -> 0 | HL9: =DH9+DT9+BW9 -> 0 | HM9: =DI9+DU9+BX9 -> 0 | HO9: 44562 | HP9: =DX9+HA9 -> 0 | HQ9: =DY9+GZ9 -> 0 | HR9: =DZ9+GY9 -> 0 | HS9: =EA9+GX9 -> 0 | HT9: =EB9+GU9 -> 0 | HU9: =EC9+GS9 -> 0 | HV9: =ED9+GV9 -> 0 | HW9: =EE9+GR9 -> 0 | HX9: =EF9+GW9 -> 0 | HY9: =EG9+GT9 -> 0
B10: 44593 | C10: 0 | D10: 0 | E10: 895 | F10: 263 | G10: 145 | H10: 0 | I10: 1357 | J10: 822 | K10: 0 | L10: =SUM(C10:K10) -> 3482 | N10: 44593 | O10: 0 | P10: 0 | Q10: 895 | R10: 263 | S10: 145 | T10: 0 | U10: 1357 | V10: 822 | W10: 0 | X10: =SUM(O10:W10) -> 3482 | Z10: 44593 | AL10: 44593 | AM10: 0 | AN10: 626707 | AO10: 555508 | AP10: 169796 | AQ10: 0 | AR10: 132092 | AS10: 0 | AT10: 31660 | AU10: 241242 | AV10: =SUM(AM10:AU10) -> 1757005 | AX10: 44593 | AY10: 0 | AZ10: 436980 | BA10: 274682 | BB10: 93183 | BC10: 0 | BD10: 70287 | BE10: 0 | BF10: 17924 | BG10: 127757 | BH10: =SUM(AY10:BG10) -> 1020813 | BJ10: 44593 | CA10: 44593 | CM10: 44593 | CY10: 44593 | DK10: 44593 | DW10: 44593 | EI10: 44593 | EU10: 44593 | EV10: 515894 | EW10: 0 | EX10: 143357 | EY10: 182043 | EZ10: 34387 | FA10: 0 | FB10: 19079 | FC10: 0 | FD10: 4052 | FE10: 72795 | FG10: 44593 | FH10: 283505 | FI10: 0 | FJ10: 82068 | FK10: 95231 | FL10: 18427 | FM10: 0 | FN10: 10872 | FO10: 0 | FP10: 2135 | FQ10: 38464 | FS10: 44593 | FT10: 420 | FU10: 155 | FW10: 64 | FY10: 1346 | GA10: 833 | GC10: 2791 | GE10: 44593 | GQ10: 44593 | HC10: 44593 | HD10: =CZ10+DL10+BM10 -> 0 | HE10: =DA10+DM10+BP10 -> 0 | HF10: =DB10+DN10+BQ10 -> 0 | HG10: =DC10+DO10+BR10 -> 0 | HH10: =DD10+DP10+BS10 -> 0 | HI10: =DE10+DQ10+BT10 -> 0 | HJ10: =DF10+DR10+BU10 -> 0 | HK10: =DG10+DS10+BV10 -> 0 | HL10: =DH10+DT10+BW10 -> 0 | HM10: =DI10+DU10+BX10 -> 0 | HO10: 44593 | HP10: =DX10+HA10 -> 0 | HQ10: =DY10+GZ10 -> 0 | HR10: =DZ10+GY10 -> 0 | HS10: =EA10+GX10 -> 0 | HT10: =EB10+GU10 -> 0 | HU10: =EC10+GS10 -> 0 | HV10: =ED10+GV10 -> 0 | HW10: =EE10+GR10 -> 0 | HX10: =EF10+GW10 -> 0 | HY10: =EG10+GT10 -> 0
B11: 44621 | C11: 0 | D11: 0 | E11: 1143 | F11: 381 | G11: 97 | H11: 0 | I11: 1592 | J11: 1237 | K11: 0 | L11: =SUM(C11:K11) -> 4450 | N11: 44621 | O11: 0 | P11: 0 | Q11: 1143 | R11: 381 | S11: 97 | T11: 0 | U11: 1592 | V11: 1237 | W11: 0 | X11: =SUM(O11:W11) -> 4450 | Z11: 44621 | AL11: 44621 | AM11: 0 | AN11: 357643 | AO11: 413400 | AP11: 151596 | AQ11: 0 | AR11: 112517 | AS11: 0 | AT11: 50224 | AU11: 209257 | AV11: =SUM(AM11:AU11) -> 1294637 | AX11: 44621 | AY11: 0 | AZ11: 186788 | BA11: 174288 | BB11: 78061 | BC11: 0 | BD11: 57863 | BE11: 0 | BF11: 26481 | BG11: 101498 | BH11: =SUM(AY11:BG11) -> 624979 | BJ11: 44621 | CA11: 44621 | CM11: 44621 | CY11: 44621 | DK11: 44621 | DW11: 44621 | EI11: 44621 | EU11: 44621 | EV11: 476243 | EW11: 0 | EX11: 117861 | EY11: 165965 | EZ11: 30669 | FA11: 0 | FB11: 16142 | FC11: 0 | FD11: 5237 | FE11: 65946 | FG11: 44621 | FH11: 234043 | FI11: 0 | FJ11: 61407 | FK11: 83816 | FL11: 16348 | FM11: 0 | FN11: 9411 | FO11: 0 | FP11: 3097 | FQ11: 33308 | FS11: 44621 | FT11: 428 | FU11: 179 | FW11: 57 | FY11: 1469 | GA11: 822 | GC11: 2922 | GE11: 44621 | GQ11: 44621 | HC11: 44621 | HD11: =CZ11+DL11+BM11 -> 0 | HE11: =DA11+DM11+BP11 -> 0 | HF11: =DB11+DN11+BQ11 -> 0 | HG11: =DC11+DO11+BR11 -> 0 | HH11: =DD11+DP11+BS11 -> 0 | HI11: =DE11+DQ11+BT11 -> 0 | HJ11: =DF11+DR11+BU11 -> 0 | HK11: =DG11+DS11+BV11 -> 0 | HL11: =DH11+DT11+BW11 -> 0 | HM11: =DI11+DU11+BX11 -> 0 | HO11: 44621 | HP11: =DX11+HA11 -> 0 | HQ11: =DY11+GZ11 -> 0 | HR11: =DZ11+GY11 -> 0 | HS11: =EA11+GX11 -> 0 | HT11: =EB11+GU11 -> 0 | HU11: =EC11+GS11 -> 0 | HV11: =ED11+GV11 -> 0 | HW11: =EE11+GR11 -> 0 | HX11: =EF11+GW11 -> 0 | HY11: =EG11+GT11 -> 0
B12: 44652 | C12: 0 | D12: 0 | E12: 1263 | F12: 445 | G12: 82 | H12: 0 | I12: 1797 | J12: 1451 | K12: 0 | L12: =SUM(C12:K12) -> 5038 | N12: 44652 | O12: 0 | P12: 0 | Q12: 1263 | R12: 445 | S12: 82 | T12: 0 | U12: 1797 | V12: 1451 | W12: 0 | X12: =SUM(O12:W12) -> 5038 | Z12: 44652 | AL12: 44652 | AM12: 0 | AN12: 340149 | AO12: 404742 | AP12: 143798 | AQ12: 0 | AR12: 112766 | AS12: 0 | AT12: 115711 | AU12: 210720 | AV12: =SUM(AM12:AU12) -> 1327886 | AX12: 44652 | AY12: 0 | AZ12: 184151 | BA12: 197616 | BB12: 78421 | BC12: 0 | BD12: 62840 | BE12: 0 | BF12: 62365 | BG12: 114338 | BH12: =SUM(AY12:BG12) -> 699731 | BJ12: 44652 | CA12: 44652 | CM12: 44652 | CY12: 44652 | DK12: 44652 | DW12: 44652 | EI12: 44652 | EU12: 44652 | EV12: 446662 | EW12: 0 | EX12: 106075 | EY12: 162206 | EZ12: 29489 | FA12: 0 | FB12: 16990 | FC12: 0 | FD12: 9006 | FE12: 67283 | FG12: 44652 | FH12: 264903 | FI12: 0 | FJ12: 62004 | FK12: 94965 | FL12: 17311 | FM12: 0 | FN12: 10844 | FO12: 0 | FP12: 4625 | FQ12: 39570 | FS12: 44652 | FT12: 429 | FU12: 182 | FW12: 78 | FY12: 1425 | GA12: 758 | GC12: 2840 | GE12: 44652 | GQ12: 44652 | HC12: 44652 | HD12: =CZ12+DL12+BM12 -> 0 | HE12: =DA12+DM12+BP12 -> 0 | HF12: =DB12+DN12+BQ12 -> 0 | HG12: =DC12+DO12+BR12 -> 0 | HH12: =DD12+DP12+BS12 -> 0 | HI12: =DE12+DQ12+BT12 -> 0 | HJ12: =DF12+DR12+BU12 -> 0 | HK12: =DG12+DS12+BV12 -> 0 | HL12: =DH12+DT12+BW12 -> 0 | HM12: =DI12+DU12+BX12 -> 0 | HO12: 44652 | HP12: =DX12+HA12 -> 0 | HQ12: =DY12+GZ12 -> 0 | HR12: =DZ12+GY12 -> 0 | HS12: =EA12+GX12 -> 0 | HT12: =EB12+GU12 -> 0 | HU12: =EC12+GS12 -> 0 | HV12: =ED12+GV12 -> 0 | HW12: =EE12+GR12 -> 0 | HX12: =EF12+GW12 -> 0 | HY12: =EG12+GT12 -> 0
B13: 44682 | C13: 0 | D13: 0 | E13: 1137 | F13: 423 | G13: 48 | H13: 2 | I13: 1182 | J13: 1261 | K13: 0 | L13: =SUM(C13:K13) -> 4053 | N13: 44682 | O13: 0 | P13: 0 | Q13: 1137 | R13: 423 | S13: 48 | T13: 2 | U13: 1182 | V13: 1261 | W13: 0 | X13: =SUM(O13:W13) -> 4053 | Z13: 44682 | AL13: 44682 | AM13: 0 | AN13: 297046 | AO13: 393840 | AP13: 158156 | AQ13: 0 | AR13: 116761 | AS13: 0 | AT13: 217918 | AU13: 212933 | AV13: =SUM(AM13:AU13) -> 1396654 | AX13: 44682 | AY13: 0 | AZ13: 163569 | BA13: 196598 | BB13: 96328 | BC13: 0 | BD13: 71397 | BE13: 0 | BF13: 142217 | BG13: 115188 | BH13: =SUM(AY13:BG13) -> 785297 | BJ13: 44682 | CA13: 44682 | CM13: 44682 | CY13: 44682 | DK13: 44682 | DW13: 44682 | EI13: 44682 | EU13: 44682 | EV13: 432294 | EW13: 0 | EX13: 87669 | EY13: 135846 | EZ13: 28008 | FA13: 0 | FB13: 14670 | FC13: 0 | FD13: 47371 | FE13: 64999 | FG13: 44682 | FH13: 263169 | FI13: 0 | FJ13: 52278 | FK13: 80050 | FL13: 17110 | FM13: 0 | FN13: 9425 | FO13: 0 | FP13: 31668 | FQ13: 38415 | FS13: 44682 | FT13: 430 | FU13: 189 | FW13: 75 | FX13: 67 | FY13: 1444 | GA13: 681 | GC13: 2861 | GE13: 44682 | GQ13: 44682 | HC13: 44682 | HD13: =CZ13+DL13+BM13 -> 0 | HE13: =DA13+DM13+BP13 -> 0 | HF13: =DB13+DN13+BQ13 -> 0 | HG13: =DC13+DO13+BR13 -> 0 | HH13: =DD13+DP13+BS13 -> 0 | HI13: =DE13+DQ13+BT13 -> 0 | HJ13: =DF13+DR13+BU13 -> 0 | HK13: =DG13+DS13+BV13 -> 0 | HL13: =DH13+DT13+BW13 -> 0 | HM13: =DI13+DU13+BX13 -> 0 | HO13: 44682 | HP13: =DX13+HA13 -> 0 | HQ13: =DY13+GZ13 -> 0 | HR13: =DZ13+GY13 -> 0 | HS13: =EA13+GX13 -> 0 | HT13: =EB13+GU13 -> 0 | HU13: =EC13+GS13 -> 0 | HV13: =ED13+GV13 -> 0 | HW13: =EE13+GR13 -> 0 | HX13: =EF13+GW13 -> 0 | HY13: =EG13+GT13 -> 0
B14: 44713 | C14: 0 | D14: 0 | E14: 862 | F14: 260 | G14: 22 | H14: 231 | I14: 1220 | J14: 1634 | K14: 0 | L14: =SUM(C14:K14) -> 4229 | N14: 44713 | O14: 0 | P14: 0 | Q14: 862 | R14: 260 | S14: 22 | T14: 231 | U14: 1220 | V14: 1634 | W14: 0 | X14: =SUM(O14:W14) -> 4229 | Z14: 44713 | AL14: 44713 | AM14: 0 | AN14: 285251 | AO14: 367558 | AP14: 157559 | AQ14: 0 | AR14: 97027 | AS14: 0 | AT14: 194764 | AU14: 188604 | AV14: =SUM(AM14:AU14) -> 1290763 | AX14: 44713 | AY14: 0 | AZ14: 153177 | BA14: 178355 | BB14: 94919 | BC14: 0 | BD14: 55362 | BE14: 0 | BF14: 125815 | BG14: 100020 | BH14: =SUM(AY14:BG14) -> 707648 | BJ14: 44713 | CA14: 44713 | CM14: 44713 | CY14: 44713 | DK14: 44713 | DW14: 44713 | EI14: 44713 | EU14: 44713 | EV14: 392220 | EW14: 0 | EX14: 87773 | EY14: 106167 | EZ14: 26275 | FA14: 0 | FB14: 12319 | FC14: 0 | FD14: 52197 | FE14: 58417 | FG14: 44713 | FH14: 232301 | FI14: 0 | FJ14: 49547 | FK14: 61480 | FL14: 16464 | FM14: 0 | FN14: 7616 | FO14: 0 | FP14: 34358 | FQ14: 32423 | FS14: 44713 | FT14: 382 | FU14: 173 | FW14: 70 | FX14: 840 | FY14: 1111 | GA14: 481 | GC14: 3024 | GE14: 44713 | GQ14: 44713 | HC14: 44713 | HD14: =CZ14+DL14+BM14 -> 0 | HE14: =DA14+DM14+BP14 -> 0 | HF14: =DB14+DN14+BQ14 -> 0 | HG14: =DC14+DO14+BR14 -> 0 | HH14: =DD14+DP14+BS14 -> 0 | HI14: =DE14+DQ14+BT14 -> 0 | HJ14: =DF14+DR14+BU14 -> 0 | HK14: =DG14+DS14+BV14 -> 0 | HL14: =DH14+DT14+BW14 -> 0 | HM14: =DI14+DU14+BX14 -> 0 | HO14: 44713 | HP14: =DX14+HA14 -> 0 | HQ14: =DY14+GZ14 -> 0 | HR14: =DZ14+GY14 -> 0 | HS14: =EA14+GX14 -> 0 | HT14: =EB14+GU14 -> 0 | HU14: =EC14+GS14 -> 0 | HV14: =ED14+GV14 -> 0 | HW14: =EE14+GR14 -> 0 | HX14: =EF14+GW14 -> 0 | HY14: =EG14+GT14 -> 0
B15: 44743 | C15: 0 | D15: 0 | E15: 1008 | F15: 283 | G15: 22 | H15: 284 | I15: 1698 | J15: 1774 | K15: 0 | L15: =SUM(C15:K15) -> 5069 | N15: 44743 | O15: 0 | P15: 0 | Q15: 1008 | R15: 283 | S15: 22 | T15: 284 | U15: 1698 | V15: 1774 | W15: 0 | X15: =SUM(O15:W15) -> 5069 | Z15: 44743 | AL15: 44743 | AM15: 0 | AN15: 372736 | AO15: 462684 | AP15: 176457 | AQ15: 0 | AR15: 128095 | AS15: 0 | AT15: 193016 | AU15: 198353 | AV15: =SUM(AM15:AU15) -> 1531341 | AX15: 44743 | AY15: 0 | AZ15: 102966 | BA15: 172577 | BB15: 99265 | BC15: 0 | BD15: 63548 | BE15: 0 | BF15: 117578 | BG15: 84979 | BH15: =SUM(AY15:BG15) -> 640913 | BJ15: 44743 | CA15: 44743 | CM15: 44743 | CY15: 44743 | DK15: 44743 | DW15: 44743 | EI15: 44743 | EU15: 44743 | EV15: 456870 | EW15: 0 | EX15: 104704 | EY15: 123301 | EZ15: 30948 | FA15: 0 | FB15: 16422 | FC15: 0 | FD15: 54352 | FE15: 67310 | FG15: 44743 | FH15: 241466 | FI15: 0 | FJ15: 44017 | FK15: 66012 | FL15: 18249 | FM15: 0 | FN15: 8824 | FO15: 0 | FP15: 34377 | FQ15: 32772 | FS15: 44743 | FT15: 312 | FU15: 147 | FW15: 62 | FX15: 581 | FY15: 981 | GA15: 417 | GC15: 2459 | GE15: 44743 | GQ15: 44743 | HC15: 44743 | HD15: =CZ15+DL15+BM15 -> 0 | HE15: =DA15+DM15+BP15 -> 0 | HF15: =DB15+DN15+BQ15 -> 0 | HG15: =DC15+DO15+BR15 -> 0 | HH15: =DD15+DP15+BS15 -> 0 | HI15: =DE15+DQ15+BT15 -> 0 | HJ15: =DF15+DR15+BU15 -> 0 | HK15: =DG15+DS15+BV15 -> 0 | HL15: =DH15+DT15+BW15 -> 0 | HM15: =DI15+DU15+BX15 -> 0 | HO15: 44743 | HP15: =DX15+HA15 -> 0 | HQ15: =DY15+GZ15 -> 0 | HR15: =DZ15+GY15 -> 0 | HS15: =EA15+GX15 -> 0 | HT15: =EB15+GU15 -> 0 | HU15: =EC15+GS15 -> 0 | HV15: =ED15+GV15 -> 0 | HW15: =EE15+GR15 -> 0 | HX15: =EF15+GW15 -> 0 | HY15: =EG15+GT15 -> 0
B16: 44774 | C16: 12 | D16: 0 | E16: 913 | F16: 302 | G16: 80 | H16: 324 | I16: 1657 | J16: 1624 | K16: 0 | L16: =SUM(C16:K16) -> 4912 | N16: 44774 | O16: 12 | P16: 0 | Q16: 913 | R16: 302 | S16: 80 | T16: 324 | U16: 1657 | V16: 1624 | W16: 0 | X16: =SUM(O16:W16) -> 4912 | Z16: 44774 | AL16: 44774 | AM16: 0 | AN16: 384849 | AO16: 413261 | AP16: 197734 | AQ16: 0 | AR16: 276036 | AS16: 0 | AT16: 164597 | AU16: 200467 | AV16: =SUM(AM16:AU16) -> 1636944 | AX16: 44774 | AY16: 0 | AZ16: 126072 | BA16: 163753 | BB16: 124303 | BC16: 0 | BD16: 161831 | BE16: 0 | BF16: 100809 | BG16: 105575 | BH16: =SUM(AY16:BG16) -> 782343 | BJ16: 44774 | CA16: 44774 | CM16: 44774 | CY16: 44774 | DK16: 44774 | DW16: 44774 | EI16: 44774 | EU16: 44774 | EV16: 477466 | EW16: 0 | EX16: 101980 | EY16: 120655 | EZ16: 38726 | FA16: 0 | FB16: 48461 | FC16: 1 | FD16: 42793 | FE16: 66690 | FG16: 44774 | FH16: 272511 | FI16: 0 | FJ16: 52439 | FK16: 65396 | FL16: 23408 | FM16: 0 | FN16: 30277 | FO16: 1 | FP16: 26810 | FQ16: 37566 | FS16: 44774 | FT16: 329 | FU16: 169 | FW16: 176 | FX16: 479 | FY16: 1032 | GA16: 498 | GC16: 2645 | GE16: 44774 | GQ16: 44774 | HC16: 44774 | HD16: =CZ16+DL16+BM16 -> 0 | HE16: =DA16+DM16+BP16 -> 0 | HF16: =DB16+DN16+BQ16 -> 0 | HG16: =DC16+DO16+BR16 -> 0 | HH16: =DD16+DP16+BS16 -> 0 | HI16: =DE16+DQ16+BT16 -> 0 | HJ16: =DF16+DR16+BU16 -> 0 | HK16: =DG16+DS16+BV16 -> 0 | HL16: =DH16+DT16+BW16 -> 0 | HM16: =DI16+DU16+BX16 -> 0 | HO16: 44774 | HP16: =DX16+HA16 -> 0 | HQ16: =DY16+GZ16 -> 0 | HR16: =DZ16+GY16 -> 0 | HS16: =EA16+GX16 -> 0 | HT16: =EB16+GU16 -> 0 | HU16: =EC16+GS16 -> 0 | HV16: =ED16+GV16 -> 0 | HW16: =EE16+GR16 -> 0 | HX16: =EF16+GW16 -> 0 | HY16: =EG16+GT16 -> 0
B17: 44805 | C17: 69 | D17: 0 | E17: 817 | F17: 335 | G17: 104 | H17: 199 | I17: 1639 | J17: 1616 | K17: 0 | L17: =SUM(C17:K17) -> 4779 | N17: 44805 | O17: 69 | P17: 0 | Q17: 817 | R17: 335 | S17: 104 | T17: 199 | U17: 1639 | V17: 1616 | W17: 0 | X17: =SUM(O17:W17) -> 4779 | Z17: 44805 | AL17: 44805 | AM17: 0 | AN17: 404380 | AO17: 244929 | AP17: 127596 | AQ17: 0 | AR17: 266242 | AS17: 108476 | AT17: 139477 | AU17: 173292 | AV17: =SUM(AM17:AU17) -> 1464392 | AX17: 44805 | AY17: 0 | AZ17: 137115 | BA17: 97140 | BB17: 67013 | BC17: 0 | BD17: 122505 | BE17: 69057 | BF17: 82732 | BG17: 89758 | BH17: =SUM(AY17:BG17) -> 665320 | BJ17: 44805 | CA17: 44805 | CM17: 44805 | CY17: 44805 | DK17: 44805 | DW17: 44805 | EI17: 44805 | EU17: 44805 | EV17: 416555 | EW17: 0 | EX17: 87848 | EY17: 103876 | EZ17: 29514 | FA17: 0 | FB17: 34404 | FC17: 2619 | FD17: 30007 | FE17: 56409 | FG17: 44805 | FH17: 223907 | FI17: 0 | FJ17: 46156 | FK17: 42437 | FL17: 16778 | FM17: 0 | FN17: 20507 | FO17: 1648 | FP17: 18464 | FQ17: 30958 | FS17: 44805 | FT17: 379 | FU17: 150 | FV17: 85 | FW17: 164 | FX17: 381 | FY17: 919 | GA17: 464 | GC17: 2495 | GE17: 44805 | GQ17: 44805 | HC17: 44805 | HD17: =CZ17+DL17+BM17 -> 0 | HE17: =DA17+DM17+BP17 -> 0 | HF17: =DB17+DN17+BQ17 -> 0 | HG17: =DC17+DO17+BR17 -> 0 | HH17: =DD17+DP17+BS17 -> 0 | HI17: =DE17+DQ17+BT17 -> 0 | HJ17: =DF17+DR17+BU17 -> 0 | HK17: =DG17+DS17+BV17 -> 0 | HL17: =DH17+DT17+BW17 -> 0 | HM17: =DI17+DU17+BX17 -> 0 | HO17: 44805 | HP17: =DX17+HA17 -> 0 | HQ17: =DY17+GZ17 -> 0 | HR17: =DZ17+GY17 -> 0 | HS17: =EA17+GX17 -> 0 | HT17: =EB17+GU17 -> 0 | HU17: =EC17+GS17 -> 0 | HV17: =ED17+GV17 -> 0 | HW17: =EE17+GR17 -> 0 | HX17: =EF17+GW17 -> 0 | HY17: =EG17+GT17 -> 0
B18: 44835 | C18: 47 | D18: 0 | E18: 687 | F18: 336 | G18: 103 | H18: 201 | I18: 1544 | J18: 1435 | K18: 0 | L18: =SUM(C18:K18) -> 4353 | N18: 44835 | O18: 47 | P18: 0 | Q18: 687 | R18: 336 | S18: 103 | T18: 201 | U18: 1544 | V18: 1435 | W18: 0 | X18: =SUM(O18:W18) -> 4353 | Z18: 44835 | AL18: 44835 | AM18: 0 | AN18: 505363 | AO18: 230335 | AP18: 121630 | AQ18: 0 | AR18: 489699 | AS18: 77824 | AT18: 132171 | AU18: 167211 | AV18: =SUM(AM18:AU18) -> 1724233 | AX18: 44835 | AY18: 0 | AZ18: 174062 | BA18: 116501 | BB18: 68222 | BC18: 0 | BD18: 104077 | BE18: 41119 | BF18: 81559 | BG18: 93937 | BH18: =SUM(AY18:BG18) -> 679477 | BJ18: 44835 | CA18: 44835 | CM18: 44835 | CY18: 44835 | DK18: 44835 | DW18: 44835 | EI18: 44835 | EU18: 44835 | EV18: 413185 | EW18: 0 | EX18: 92960 | EY18: 100399 | EZ18: 28658 | FA18: 0 | FB18: 36563 | FC18: 11489 | FD18: 26557 | FE18: 54040 | FG18: 44835 | FH18: 234607 | FI18: 0 | FJ18: 51484 | FK18: 49708 | FL18: 17283 | FM18: 0 | FN18: 17713 | FO18: 6406 | FP18: 16985 | FQ18: 31754 | FS18: 44835 | FT18: 265 | FU18: 118 | FV18: 46 | FW18: 125 | FX18: 259 | FY18: 719 | GA18: 400 | GC18: 1896 | GE18: 44835 | GQ18: 44835 | HC18: 44835 | HD18: =CZ18+DL18+BM18 -> 0 | HE18: =DA18+DM18+BP18 -> 0 | HF18: =DB18+DN18+BQ18 -> 0 | HG18: =DC18+DO18+BR18 -> 0 | HH18: =DD18+DP18+BS18 -> 0 | HI18: =DE18+DQ18+BT18 -> 0 | HJ18: =DF18+DR18+BU18 -> 0 | HK18: =DG18+DS18+BV18 -> 0 | HL18: =DH18+DT18+BW18 -> 0 | HM18: =DI18+DU18+BX18 -> 0 | HO18: 44835 | HP18: =DX18+HA18 -> 0 | HQ18: =DY18+GZ18 -> 0 | HR18: =DZ18+GY18 -> 0 | HS18: =EA18+GX18 -> 0 | HT18: =EB18+GU18 -> 0 | HU18: =EC18+GS18 -> 0 | HV18: =ED18+GV18 -> 0 | HW18: =EE18+GR18 -> 0 | HX18: =EF18+GW18 -> 0 | HY18: =EG18+GT18 -> 0
B19: 44866 | C19: 61 | D19: 0 | E19: 956 | F19: 349 | G19: 150 | H19: 172 | I19: 1813 | J19: 1504 | K19: 0 | L19: =SUM(C19:K19) -> 5005 | N19: 44866 | O19: 61 | P19: 0 | Q19: 956 | R19: 349 | S19: 150 | T19: 172 | U19: 1813 | V19: 1504 | W19: 0 | X19: =SUM(O19:W19) -> 5005 | Z19: 44866 | AL19: 44866 | AM19: 0 | AN19: 542495 | AO19: 234913 | AP19: 123804 | AQ19: 58047 | AR19: 155736 | AS19: 78300 | AT19: 125220 | AU19: 171654 | AV19: =SUM(AM19:AU19) -> 1490169 | AX19: 44866 | AY19: 0 | AZ19: 224394 | BA19: 137039 | BB19: 72902 | BC19: 16484 | BD19: 92771 | BE19: 43933 | BF19: 74164 | BG19: 99944 | BH19: =SUM(AY19:BG19) -> 761631 | BJ19: 44866 | CA19: 44866 | CM19: 44866 | CY19: 44866 | DK19: 44866 | DW19: 44866 | EI19: 44866 | EU19: 44866 | EV19: 451240 | EW19: 0 | EX19: 105441 | EY19: 113273 | EZ19: 29251 | FA19: 5075 | FB19: 30473 | FC19: 11108 | FD19: 24687 | FE19: 57252 | FG19: 44866 | FH19: 270436 | FI19: 0 | FJ19: 60989 | FK19: 65130 | FL19: 17496 | FM19: 1407 | FN19: 18245 | FO19: 6192 | FP19: 15309 | FQ19: 33557 | FS19: 44866 | FT19: 197 | FU19: 101 | FV19: 30 | FW19: 81 | FX19: 203 | FY19: 642 | GA19: 352 | GC19: 1580 | GE19: 44866 | GQ19: 44866 | HC19: 44866 | HD19: =CZ19+DL19+BM19 -> 0 | HE19: =DA19+DM19+BP19 -> 0 | HF19: =DB19+DN19+BQ19 -> 0 | HG19: =DC19+DO19+BR19 -> 0 | HH19: =DD19+DP19+BS19 -> 0 | HI19: =DE19+DQ19+BT19 -> 0 | HJ19: =DF19+DR19+BU19 -> 0 | HK19: =DG19+DS19+BV19 -> 0 | HL19: =DH19+DT19+BW19 -> 0 | HM19: =DI19+DU19+BX19 -> 0 | HO19: 44866 | HP19: =DX19+HA19 -> 0 | HQ19: =DY19+GZ19 -> 0 | HR19: =DZ19+GY19 -> 0 | HS19: =EA19+GX19 -> 0 | HT19: =EB19+GU19 -> 0 | HU19: =EC19+GS19 -> 0 | HV19: =ED19+GV19 -> 0 | HW19: =EE19+GR19 -> 0 | HX19: =EF19+GW19 -> 0 | HY19: =EG19+GT19 -> 0
B20: 44896 | C20: 23 | D20: 0 | E20: 1054 | F20: 346 | G20: 133 | H20: 177 | I20: 2477 | J20: 1963 | K20: 0 | L20: =SUM(C20:K20) -> 6173 | N20: 44896 | O20: 23 | P20: 0 | Q20: 1054 | R20: 346 | S20: 133 | T20: 177 | U20: 2477 | V20: 1963 | W20: 0 | X20: =SUM(O20:W20) -> 6173 | Z20: 44896 | AL20: 44896 | AM20: 0 | AN20: 752395 | AO20: 274206 | AP20: 108891 | AQ20: 66112 | AR20: 78087 | AS20: 40529 | AT20: 83146 | AU20: 137882 | AV20: =SUM(AM20:AU20) -> 1541248 | AX20: 44896 | AY20: 0 | AZ20: 297043 | BA20: 179806 | BB20: 77159 | BC20: 28728 | BD20: 39277 | BE20: 22809 | BF20: 46958 | BG20: 83661 | BH20: =SUM(AY20:BG20) -> 775441 | BJ20: 44896 | CA20: 44896 | CM20: 44896 | CY20: 44896 | DK20: 44896 | DW20: 44896 | EI20: 44896 | EU20: 44896 | EV20: 481639 | EW20: 0 | EX20: 99560 | EY20: 125937 | EZ20: 26506 | FA20: 4645 | FB20: 21963 | FC20: 8290 | FD20: 22061 | FE20: 54689 | FG20: 44896 | FH20: 293255 | FI20: 0 | FJ20: 55045 | FK20: 76810 | FL20: 16291 | FM20: 2224 | FN20: 12515 | FO20: 4569 | FP20: 13179 | FQ20: 32154 | FS20: 44896 | FT20: 198 | FU20: 119 | FV20: 21 | FW20: 64 | FX20: 132 | FY20: 779 | GA20: 383 | GC20: 1683 | GE20: 44896 | GQ20: 44896 | HC20: 44896 | HD20: =CZ20+DL20+BM20 -> 0 | HE20: =DA20+DM20+BP20 -> 0 | HF20: =DB20+DN20+BQ20 -> 0 | HG20: =DC20+DO20+BR20 -> 0 | HH20: =DD20+DP20+BS20 -> 0 | HI20: =DE20+DQ20+BT20 -> 0 | HJ20: =DF20+DR20+BU20 -> 0 | HK20: =DG20+DS20+BV20 -> 0 | HL20: =DH20+DT20+BW20 -> 0 | HM20: =DI20+DU20+BX20 -> 0 | HO20: 44896 | HP20: =DX20+HA20 -> 0 | HQ20: =DY20+GZ20 -> 0 | HR20: =DZ20+GY20 -> 0 | HS20: =EA20+GX20 -> 0 | HT20: =EB20+GU20 -> 0 | HU20: =EC20+GS20 -> 0 | HV20: =ED20+GV20 -> 0 | HW20: =EE20+GR20 -> 0 | HX20: =EF20+GW20 -> 0 | HY20: =EG20+GT20 -> 0
B21: 44927 | C21: 33 | D21: 0 | E21: 804 | F21: 228 | G21: 105 | H21: 129 | I21: 1401 | J21: 1207 | K21: 0 | L21: =SUM(C21:K21) -> 3907 | N21: 44927 | O21: 33 | P21: 0 | Q21: 804 | R21: 228 | S21: 105 | T21: 129 | U21: 1401 | V21: 1207 | W21: 0 | X21: =SUM(O21:W21) -> 3907 | Z21: 44927 | AL21: 44927 | AM21: 0 | AN21: 581662 | AO21: 302400 | AP21: 78929 | AQ21: 56869 | AR21: 141416 | AS21: 35648 | AT21: 65905 | AU21: 140127 | AV21: =SUM(AM21:AU21) -> 1402956 | AX21: 44927 | AY21: 0 | AZ21: 182114 | BA21: 225037 | BB21: 60601 | BC21: 26218 | BD21: 113473 | BE21: 24578 | BF21: 44578 | BG21: 88502 | BH21: =SUM(AY21:BG21) -> 765101 | BJ21: 44927 | BK21: =BM21+BO21 -> 494070 | BO21: 494070 | BQ21: 141982 | BR21: 164133 | BS21: 30710 | BU21: 20056 | BV21: 7900 | BW21: 19973 | BX21: 108499 | BY21: 817 | CA21: 44927 | CM21: 44927 | CY21: 44927 | DK21: 44927 | DW21: 44927 | EI21: 44927 | EU21: 44927 | EV21: 528285 | EW21: 0 | EX21: 81612 | EY21: 122341 | EZ21: 23781 | FA21: 4138 | FB21: 22720 | FC21: 7199 | FD21: 21136 | FE21: 52781 | FG21: 44927 | FH21: 324362 | FI21: 0 | FJ21: 46376 | FK21: 78413 | FL21: 15004 | FM21: 1887 | FN21: 14818 | FO21: 4319 | FP21: 13490 | FQ21: 32291 | FS21: 44927 | FT21: 208 | FU21: 120 | FV21: 26 | FW21: 69 | FX21: 128 | FY21: 741 | GA21: 319 | GC21: 1596 | GE21: 44927 | GQ21: 44927 | HC21: 44927 | HD21: =CZ21+DL21+BM21 -> 0 | HE21: =DA21+DM21+BP21 -> 0 | HF21: =DB21+DN21+BQ21 -> 141982 | HG21: =DC21+DO21+BR21 -> 164133 | HH21: =DD21+DP21+BS21 -> 30710 | HI21: =DE21+DQ21+BT21 -> 0 | HJ21: =DF21+DR21+BU21 -> 20056 | HK21: =DG21+DS21+BV21 -> 7900 | HL21: =DH21+DT21+BW21 -> 19973 | HM21: =DI21+DU21+BX21 -> 108499 | HO21: 44927 | HP21: =DX21+HA21 -> 0 | HQ21: =DY21+GZ21 -> 0 | HR21: =DZ21+GY21 -> 0 | HS21: =EA21+GX21 -> 0 | HT21: =EB21+GU21 -> 0 | HU21: =EC21+GS21 -> 0 | HV21: =ED21+GV21 -> 0 | HW21: =EE21+GR21 -> 0 | HX21: =EF21+GW21 -> 0 | HY21: =EG21+GT21 -> 0
B22: 44958 | C22: 32 | D22: 0 | E22: 719 | F22: 173 | G22: 111 | H22: 171 | I22: 1762 | J22: 1241 | K22: 0 | L22: =SUM(C22:K22) -> 4209 | N22: 44958 | O22: 32 | P22: 0 | Q22: 719 | R22: 173 | S22: 111 | T22: 171 | U22: 1762 | V22: 1241 | W22: 0 | X22: =SUM(O22:W22) -> 4209 | Z22: 44958 | AL22: 44958 | AM22: 0 | AN22: 760762 | AO22: 262049 | AP22: 85909 | AQ22: 73305 | AR22: 141056 | AS22: 34535 | AT22: 53571 | AU22: 127644 | AV22: =SUM(AM22:AU22) -> 1538831 | AX22: 44958 | AY22: 0 | AZ22: 222295 | BA22: 181674 | BB22: 68912 | BC22: 45384 | BD22: 114568 | BE22: 20301 | BF22: 35089 | BG22: 69110 | BH22: =SUM(AY22:BG22) -> 757333 | BJ22: 44958 | BK22: =BM22+BO22 -> 519687 | BO22: 519687 | BQ22: 152367 | BR22: 172851 | BS22: 29173 | BU22: 24884 | BV22: 8838 | BW22: 20589 | BX22: 110627 | BY22: 358 | CA22: 44958 | CM22: 44958 | CY22: 44958 | DK22: 44958 | DW22: 44958 | EI22: 44958 | EU22: 44958 | EV22: 567578 | EW22: 0 | EX22: 98007 | EY22: 124620 | EZ22: 25869 | FA22: 11240 | FB22: 22023 | FC22: 7401 | FD22: 17985 | FE22: 55236 | FG22: 44958 | FH22: 344990 | FI22: 0 | FJ22: 56655 | FK22: 74919 | FL22: 16335 | FM22: 5776 | FN22: 14494 | FO22: 4133 | FP22: 10644 | FQ22: 31692 | FS22: 44958 | FT22: 504 | FU22: 234 | FV22: 43 | FW22: 173 | FX22: 170 | FY22: 1368 | FZ22: 162 | GA22: 780 | GC22: 3374 | GE22: 44958 | GQ22: 44958 | HC22: 44958 | HD22: =CZ22+DL22+BM22 -> 0 | HE22: =DA22+DM22+BP22 -> 0 | HF22: =DB22+DN22+BQ22 -> 152367 | HG22: =DC22+DO22+BR22 -> 172851 | HH22: =DD22+DP22+BS22 -> 29173 | HI22: =DE22+DQ22+BT22 -> 0 | HJ22: =DF22+DR22+BU22 -> 24884 | HK22: =DG22+DS22+BV22 -> 8838 | HL22: =DH22+DT22+BW22 -> 20589 | HM22: =DI22+DU22+BX22 -> 110627 | HO22: 44958 | HP22: =DX22+HA22 -> 0 | HQ22: =DY22+GZ22 -> 0 | HR22: =DZ22+GY22 -> 0 | HS22: =EA22+GX22 -> 0 | HT22: =EB22+GU22 -> 0 | HU22: =EC22+GS22 -> 0 | HV22: =ED22+GV22 -> 0 | HW22: =EE22+GR22 -> 0 | HX22: =EF22+GW22 -> 0 | HY22: =EG22+GT22 -> 0
B23: 44986 | C23: 24 | D23: 45 | E23: 934 | F23: 245 | G23: 140 | H23: 212 | I23: 2100 | J23: 1491 | K23: 0 | L23: =SUM(C23:K23) -> 5191 | N23: 44986 | O23: 24 | P23: 45 | Q23: 934 | R23: 245 | S23: 140 | T23: 212 | U23: 2100 | V23: 1491 | W23: 0 | X23: =SUM(O23:W23) -> 5191 | Z23: 44986 | AL23: 44986 | AM23: 0 | AN23: 521350 | AO23: 445659 | AP23: 121942 | AQ23: 87078 | AR23: 100421 | AS23: 34843 | AT23: 51831 | AU23: 170136 | AV23: =SUM(AM23:AU23) -> 1533260 | AX23: 44986 | AY23: 0 | AZ23: 161626 | BA23: 179707 | BB23: 101877 | BC23: 52677 | BD23: 70989 | BE23: 21615 | BF23: 32521 | BG23: 97979 | BH23: =SUM(AY23:BG23) -> 718991 | BJ23: 44986 | BK23: =BM23+BO23 -> 590849 | BO23: 590849 | BQ23: 164150 | BR23: 197427 | BS23: 32418 | BT23: 3475 | BU23: 30504 | BV23: 8777 | BW23: 29715 | BX23: 124035 | BY23: 2376 | CA23: 44986 | CM23: 44986 | CY23: 44986 | DK23: 44986 | DW23: 44986 | EI23: 44986 | EU23: 44986 | EV23: 565958 | EW23: 0 | EX23: 89288 | EY23: 130811 | EZ23: 29461 | FA23: 24846 | FB23: 18507 | FC23: 6403 | FD23: 16531 | FE23: 58710 | FG23: 44986 | FH23: 298377 | FI23: 0 | FJ23: 42412 | FK23: 67312 | FL23: 17982 | FM23: 12320 | FN23: 10117 | FO23: 3369 | FP23: 8614 | FQ23: 30235 | FS23: 44986 | FT23: 637 | FU23: 312 | FV23: 52 | FW23: 142 | FX23: 190 | FY23: 1781 | FZ23: 373 | GA23: 814 | GC23: 4214 | GE23: 44986 | GQ23: 44986 | HC23: 44986 | HD23: =CZ23+DL23+BM23 -> 0 | HE23: =DA23+DM23+BP23 -> 0 | HF23: =DB23+DN23+BQ23 -> 164150 | HG23: =DC23+DO23+BR23 -> 197427 | HH23: =DD23+DP23+BS23 -> 32418 | HI23: =DE23+DQ23+BT23 -> 3475 | HJ23: =DF23+DR23+BU23 -> 30504 | HK23: =DG23+DS23+BV23 -> 8777 | HL23: =DH23+DT23+BW23 -> 29715 | HM23: =DI23+DU23+BX23 -> 124035 | HO23: 44986 | HP23: =DX23+HA23 -> 0 | HQ23: =DY23+GZ23 -> 0 | HR23: =DZ23+GY23 -> 0 | HS23: =EA23+GX23 -> 0 | HT23: =EB23+GU23 -> 0 | HU23: =EC23+GS23 -> 0 | HV23: =ED23+GV23 -> 0 | HW23: =EE23+GR23 -> 0 | HX23: =EF23+GW23 -> 0 | HY23: =EG23+GT23 -> 0
B24: 45017 | C24: 39 | D24: 161 | E24: 956 | F24: 321 | G24: 120 | H24: 267 | I24: 2219 | J24: 1474 | K24: 0 | L24: =SUM(C24:K24) -> 5557 | N24: 45017 | O24: 39 | P24: 161 | Q24: 956 | R24: 321 | S24: 120 | T24: 267 | U24: 2219 | V24: 1474 | W24: 0 | X24: =SUM(O24:W24) -> 5557 | Z24: 45017 | AL24: 45017 | AM24: 0 | AN24: 313952 | AO24: 798354 | AP24: 92873 | AQ24: 224147 | AR24: 104640 | AS24: 37243 | AT24: 60803 | AU24: 160113 | AV24: =SUM(AM24:AU24) -> 1792125 | AX24: 45017 | AY24: 0 | AZ24: 164905 | BA24: 181056 | BB24: 75486 | BC24: 75930 | BD24: 80189 | BE24: 22574 | BF24: 40945 | BG24: 92304 | BH24: =SUM(AY24:BG24) -> 733389 | BJ24: 45017 | BK24: =BM24+BO24 -> 567390 | BO24: 567390 | BQ24: 149502 | BR24: 190841 | BS24: 32080 | BT24: 13867 | BU24: 25057 | BV24: 5585 | BW24: 33483 | BX24: 119558 | BY24: 855 | CA24: 45017 | CM24: 45017 | CY24: 45017 | DK24: 45017 | DW24: 45017 | EI24: 45017 | EU24: 45017 | EV24: 585457 | EW24: 0 | EX24: 86069 | EY24: 126307 | EZ24: 26372 | FA24: 32552 | FB24: 17304 | FC24: 7065 | FD24: 19316 | FE24: 59563 | FG24: 45017 | FH24: 356389 | FI24: 0 | FJ24: 52104 | FK24: 75499 | FL24: 17058 | FM24: 17504 | FN24: 10824 | FO24: 4098 | FP24: 11982 | FQ24: 36377 | FS24: 45017 | FT24: 819 | FU24: 312 | FV24: 51 | FW24: 160 | FX24: 191 | FY24: 1688 | FZ24: 424 | GA24: 822 | GC24: 4375 | GE24: 45017 | GQ24: 45017 | HC24: 45017 | HD24: =CZ24+DL24+BM24 -> 0 | HE24: =DA24+DM24+BP24 -> 0 | HF24: =DB24+DN24+BQ24 -> 149502 | HG24: =DC24+DO24+BR24 -> 190841 | HH24: =DD24+DP24+BS24 -> 32080 | HI24: =DE24+DQ24+BT24 -> 13867 | HJ24: =DF24+DR24+BU24 -> 25057 | HK24: =DG24+DS24+BV24 -> 5585 | HL24: =DH24+DT24+BW24 -> 33483 | HM24: =DI24+DU24+BX24 -> 119558 | HO24: 45017 | HP24: =DX24+HA24 -> 0 | HQ24: =DY24+GZ24 -> 0 | HR24: =DZ24+GY24 -> 0 | HS24: =EA24+GX24 -> 0 | HT24: =EB24+GU24 -> 0 | HU24: =EC24+GS24 -> 0 | HV24: =ED24+GV24 -> 0 | HW24: =EE24+GR24 -> 0 | HX24: =EF24+GW24 -> 0 | HY24: =EG24+GT24 -> 0
B25: 45047 | C25: 29 | D25: 187 | E25: 946 | F25: 250 | G25: 113 | H25: 194 | I25: 2047 | J25: 1336 | K25: 0 | L25: =SUM(C25:K25) -> 5102 | N25: 45047 | O25: 29 | P25: 187 | Q25: 946 | R25: 250 | S25: 113 | T25: 194 | U25: 2047 | V25: 1336 | W25: 0 | X25: =SUM(O25:W25) -> 5102 | Z25: 45047 | AL25: 45047 | AM25: 0 | AN25: 322684 | AO25: 684803 | AP25: 100918 | AQ25: 198133 | AR25: 113272 | AS25: 29670 | AT25: 59598 | AU25: 172090 | AV25: =SUM(AM25:AU25) -> 1681168 | AX25: 45047 | AY25: 0 | AZ25: 177125 | BA25: 173787 | BB25: 85692 | BC25: 71445 | BD25: 87965 | BE25: 20212 | BF25: 42668 | BG25: 90202 | BH25: =SUM(AY25:BG25) -> 749096 | BJ25: 45047 | BK25: =BM25+BO25 -> 562364 | BO25: 562364 | BQ25: 138758 | BR25: 189301 | BS25: 32386 | BT25: 16030 | BU25: 25074 | BV25: 5344 | BW25: 32434 | BX25: 125467 | BY25: 353 | CA25: 45047 | CM25: 45047 | CY25: 45047 | DK25: 45047 | DW25: 45047 | EI25: 45047 | EU25: 45047 | EV25: 554422 | EW25: 0 | EX25: 81106 | EY25: 114708 | EZ25: 24602 | FA25: 29397 | FB25: 17239 | FC25: 5637 | FD25: 18397 | FE25: 54428 | FG25: 45047 | FH25: 346867 | FI25: 0 | FJ25: 51538 | FK25: 70496 | FL25: 17168 | FM25: 18174 | FN25: 11130 | FO25: 3547 | FP25: 12018 | FQ25: 33987 | FS25: 45047 | FT25: 742 | FU25: 289 | FV25: 107 | FW25: 197 | FX25: 323 | FY25: 1659 | FZ25: 510 | GA25: 761 | GC25: 4509 | GE25: 45047 | GQ25: 45047 | HC25: 45047 | HD25: =CZ25+DL25+BM25 -> 0 | HE25: =DA25+DM25+BP25 -> 0 | HF25: =DB25+DN25+BQ25 -> 138758 | HG25: =DC25+DO25+BR25 -> 189301 | HH25: =DD25+DP25+BS25 -> 32386 | HI25: =DE25+DQ25+BT25 -> 16030 | HJ25: =DF25+DR25+BU25 -> 25074 | HK25: =DG25+DS25+BV25 -> 5344 | HL25: =DH25+DT25+BW25 -> 32434 | HM25: =DI25+DU25+BX25 -> 125467 | HO25: 45047 | HP25: =DX25+HA25 -> 0 | HQ25: =DY25+GZ25 -> 0 | HR25: =DZ25+GY25 -> 0 | HS25: =EA25+GX25 -> 0 | HT25: =EB25+GU25 -> 0 | HU25: =EC25+GS25 -> 0 | HV25: =ED25+GV25 -> 0 | HW25: =EE25+GR25 -> 0 | HX25: =EF25+GW25 -> 0 | HY25: =EG25+GT25 -> 0
B26: 45078 | C26: 44 | D26: 133 | E26: 891 | F26: 249 | G26: 114 | H26: 247 | I26: 1745 | J26: 1506 | K26: 0 | L26: =SUM(C26:K26) -> 4929 | N26: 45078 | O26: 44 | P26: 133 | Q26: 891 | R26: 249 | S26: 114 | T26: 247 | U26: 1745 | V26: 1506 | W26: 0 | X26: =SUM(O26:W26) -> 4929 | Z26: 45078 | AL26: 45078 | AM26: 0 | AN26: 395839 | AO26: 612140 | AP26: 101164 | AQ26: 145722 | AR26: 107578 | AS26: 25874 | AT26: 53395 | AU26: 181607 | AV26: =SUM(AM26:AU26) -> 1623319 | AX26: 45078 | AY26: 0 | AZ26: 216625 | BA26: 196618 | BB26: 83679 | BC26: 51027 | BD26: 82903 | BE26: 17142 | BF26: 38439 | BG26: 97446 | BH26: =SUM(AY26:BG26) -> 783879 | BJ26: 45078 | BK26: =BM26+BO26 -> 591969 | BO26: 591969 | BQ26: 158076 | BR26: 200298 | BS26: 29937 | BT26: 14634 | BU26: 26070 | BV26: 6034 | BW26: 35467 | BX26: 120784 | BY26: 1691 | CA26: 45078 | CM26: 45078 | CY26: 45078 | DK26: 45078 | DW26: 45078 | EI26: 45078 | EU26: 45078 | EV26: 557072 | EW26: 0 | EX26: 84983 | EY26: 111139 | EZ26: 23295 | FA26: 19728 | FB26: 15310 | FC26: 4530 | FD26: 16028 | FE26: 52885 | FG26: 45078 | FH26: 361813 | FI26: 0 | FJ26: 54395 | FK26: 71011 | FL26: 15607 | FM26: 12341 | FN26: 9661 | FO26: 2781 | FP26: 10520 | FQ26: 33595 | FS26: 45078 | FT26: 574 | FU26: 274 | FV26: 39 | FW26: 122 | FX26: 201 | FY26: 1507 | FZ26: 261 | GA26: 644 | GC26: 3544 | GE26: 45078 | GQ26: 45078 | HC26: 45078 | HD26: =CZ26+DL26+BM26 -> 0 | HE26: =DA26+DM26+BP26 -> 0 | HF26: =DB26+DN26+BQ26 -> 158076 | HG26: =DC26+DO26+BR26 -> 200298 | HH26: =DD26+DP26+BS26 -> 29937 | HI26: =DE26+DQ26+BT26 -> 14634 | HJ26: =DF26+DR26+BU26 -> 26070 | HK26: =DG26+DS26+BV26 -> 6034 | HL26: =DH26+DT26+BW26 -> 35467 | HM26: =DI26+DU26+BX26 -> 120784 | HO26: 45078 | HP26: =DX26+HA26 -> 0 | HQ26: =DY26+GZ26 -> 0 | HR26: =DZ26+GY26 -> 0 | HS26: =EA26+GX26 -> 0 | HT26: =EB26+GU26 -> 0 | HU26: =EC26+GS26 -> 0 | HV26: =ED26+GV26 -> 0 | HW26: =EE26+GR26 -> 0 | HX26: =EF26+GW26 -> 0 | HY26: =EG26+GT26 -> 0
B27: 45108 | C27: 29 | D27: 109 | E27: 926 | F27: 182 | G27: 108 | H27: 261 | I27: 2417 | J27: 1499 | K27: 0 | L27: =SUM(C27:K27) -> 5531 | N27: 45108 | O27: 29 | P27: 109 | Q27: 926 | R27: 182 | S27: 108 | T27: 261 | U27: 2417 | V27: 1499 | W27: 0 | X27: =SUM(O27:W27) -> 5531 | Z27: 45108 | AL27: 45108 | AM27: 0 | AN27: 534523 | AO27: 710152 | AP27: 106598 | AQ27: 131543 | AR27: 106741 | AS27: 29014 | AT27: 305337 | AU27: 192760 | AV27: =SUM(AM27:AU27) -> 2116668 | AX27: 45108 | AY27: 0 | AZ27: 208232 | BA27: 238988 | BB27: 88741 | BC27: 60762 | BD27: 84726 | BE27: 21055 | BF27: 48767 | BG27: 103518 | BH27: =SUM(AY27:BG27) -> 854789 | BJ27: 45108 | BK27: =BM27+BO27 -> 623844 | BO27: 623844 | BQ27: 174598 | BR27: 216855 | BS27: 26527 | BT27: 16509 | BU27: 26690 | BV27: 6597 | BW27: 34994 | BX27: 117835 | BY27: 3293 | CA27: 45108 | CM27: 45108 | CY27: 45108 | DK27: 45108 | DW27: 45108 | EI27: 45108 | EU27: 45108 | EV27: 590868 | EW27: 0 | EX27: 88317 | EY27: 126283 | EZ27: 24250 | FA27: 20054 | FB27: 15960 | FC27: 5089 | FD27: 18279 | FE27: 52199 | FG27: 45108 | FH27: 387308 | FI27: 0 | FJ27: 55141 | FK27: 81733 | FL27: 16490 | FM27: 13142 | FN27: 10515 | FO27: 3279 | FP27: 11680 | FQ27: 33526 | FS27: 45108 | FT27: 738 | FU27: 357 | FV27: 47 | FW27: 130 | FX27: 209 | FY27: 1598 | FZ27: 263 | GA27: 859 | GC27: 4121 | GE27: 45108 | GQ27: 45108 | HC27: 45108 | HD27: =CZ27+DL27+BM27 -> 0 | HE27: =DA27+DM27+BP27 -> 0 | HF27: =DB27+DN27+BQ27 -> 174598 | HG27: =DC27+DO27+BR27 -> 216855 | HH27: =DD27+DP27+BS27 -> 26527 | HI27: =DE27+DQ27+BT27 -> 16509 | HJ27: =DF27+DR27+BU27 -> 26690 | HK27: =DG27+DS27+BV27 -> 6597 | HL27: =DH27+DT27+BW27 -> 34994 | HM27: =DI27+DU27+BX27 -> 117835 | HO27: 45108 | HP27: =DX27+HA27 -> 0 | HQ27: =DY27+GZ27 -> 0 | HR27: =DZ27+GY27 -> 0 | HS27: =EA27+GX27 -> 0 | HT27: =EB27+GU27 -> 0 | HU27: =EC27+GS27 -> 0 | HV27: =ED27+GV27 -> 0 | HW27: =EE27+GR27 -> 0 | HX27: =EF27+GW27 -> 0 | HY27: =EG27+GT27 -> 0
B28: 45139 | C28: 18 | D28: 158 | E28: 944 | F28: 178 | G28: 119 | H28: 258 | I28: 2292 | J28: 1779 | K28: 0 | L28: =SUM(C28:K28) -> 5746 | N28: 45139 | O28: 18 | P28: 158 | Q28: 944 | R28: 178 | S28: 119 | T28: 258 | U28: 2292 | V28: 1779 | W28: 0 | X28: =SUM(O28:W28) -> 5746 | Z28: 45139 | AL28: 45139 | AM28: 0 | AN28: 401896 | AO28: 613393 | AP28: 107629 | AQ28: 149372 | AR28: 110982 | AS28: 31428 | AT28: 268579 | AU28: 164958 | AV28: =SUM(AM28:AU28) -> 1848237 | AX28: 45139 | AY28: 0 | AZ28: 178595 | BA28: 224083 | BB28: 76948 | BC28: 77994 | BD28: 71340 | BE28: 18534 | BF28: 41595 | BG28: 84401 | BH28: =SUM(AY28:BG28) -> 773490 | BJ28: 45139 | BK28: =BM28+BO28 -> 652581 | BO28: 652581 | BQ28: 194951 | BR28: 211279 | BS28: 31971 | BT28: 21121 | BU28: 28316 | BV28: 5623 | BW28: 37303 | BX28: 120321 | BY28: 3186 | CA28: 45139 | CM28: 45139 | CY28: 45139 | DK28: 45139 | DW28: 45139 | EI28: 45139 | EU28: 45139 | EV28: 646515 | EW28: 0 | EX28: 92530 | EY28: 135079 | EZ28: 27153 | FA28: 25347 | FB28: 22896 | FC28: 5260 | FD28: 19347 | FE28: 58826 | FG28: 45139 | FH28: 347590 | FI28: 0 | FJ28: 48655 | FK28: 73024 | FL28: 14645 | FM28: 13467 | FN28: 10915 | FO28: 2452 | FP28: 9987 | FQ28: 29564 | FS28: 45139 | FT28: 681 | FU28: 304 | FV28: 53 | FW28: 183 | FX28: 142 | FY28: 1321 | FZ28: 298 | GA28: 836 | GC28: 3726 | GE28: 45139 | GQ28: 45139 | HC28: 45139 | HD28: =CZ28+DL28+BM28 -> 0 | HE28: =DA28+DM28+BP28 -> 0 | HF28: =DB28+DN28+BQ28 -> 194951 | HG28: =DC28+DO28+BR28 -> 211279 | HH28: =DD28+DP28+BS28 -> 31971 | HI28: =DE28+DQ28+BT28 -> 21121 | HJ28: =DF28+DR28+BU28 -> 28316 | HK28: =DG28+DS28+BV28 -> 5623 | HL28: =DH28+DT28+BW28 -> 37303 | HM28: =DI28+DU28+BX28 -> 120321 | HO28: 45139 | HP28: =DX28+HA28 -> 0 | HQ28: =DY28+GZ28 -> 0 | HR28: =DZ28+GY28 -> 0 | HS28: =EA28+GX28 -> 0 | HT28: =EB28+GU28 -> 0 | HU28: =EC28+GS28 -> 0 | HV28: =ED28+GV28 -> 0 | HW28: =EE28+GR28 -> 0 | HX28: =EF28+GW28 -> 0 | HY28: =EG28+GT28 -> 0
B29: 45170 | C29: 35 | D29: 166 | E29: 815 | F29: 294 | G29: 92 | H29: 379 | I29: 1828 | J29: 1804 | K29: 0 | L29: =SUM(C29:K29) -> 5413 | N29: 45170 | O29: 35 | P29: 166 | Q29: 815 | R29: 294 | S29: 92 | T29: 379 | U29: 1828 | V29: 1804 | W29: 0 | X29: =SUM(O29:W29) -> 5413 | Z29: 45170 | AL29: 45170 | AM29: 0 | AN29: 353179 | AO29: 508922 | AP29: 102610 | AQ29: 130115 | AR29: 93321 | AS29: 55808 | AT29: 269933 | AU29: 145418 | AV29: =SUM(AM29:AU29) -> 1659306 | AX29: 45170 | AY29: 0 | AZ29: 157431 | BA29: 207345 | BB29: 75472 | BC29: 77595 | BD29: 64775 | BE29: 45467 | BF29: 89446 | BG29: 73416 | BH29: =SUM(AY29:BG29) -> 790947 | BJ29: 45170 | BK29: =BM29+BO29 -> 648300 | BO29: 648300 | BQ29: 212560 | BR29: 178354 | BS29: 43047 | BT29: 24632 | BU29: 26348 | BV29: 5952 | BW29: 41076 | BX29: 114743 | BY29: 2961 | CA29: 45170 | CM29: 45170 | CY29: 45170 | DK29: 45170 | DW29: 45170 | EI29: 45170 | EU29: 45170 | EV29: 601475 | EW29: 43 | EX29: 88159 | EY29: 115921 | EZ29: 29737 | FA29: 21073 | FB29: 20048 | FC29: 5113 | FD29: 21316 | FE29: 51071 | FG29: 45170 | FH29: 298238 | FI29: 22 | FJ29: 42831 | FK29: 58700 | FL29: 14600 | FM29: 9461 | FN29: 8786 | FO29: 2239 | FP29: 10250 | FQ29: 22948 | FS29: 45170 | FT29: 550 | FU29: 294 | FV29: 49 | FW29: 113 | FX29: 219 | FY29: 1148 | FZ29: 209 | GA29: 649 | GC29: 3171 | GE29: 45170 | GQ29: 45170 | HC29: 45170 | HD29: =CZ29+DL29+BM29 -> 0 | HE29: =DA29+DM29+BP29 -> 0 | HF29: =DB29+DN29+BQ29 -> 212560 | HG29: =DC29+DO29+BR29 -> 178354 | HH29: =DD29+DP29+BS29 -> 43047 | HI29: =DE29+DQ29+BT29 -> 24632 | HJ29: =DF29+DR29+BU29 -> 26348 | HK29: =DG29+DS29+BV29 -> 5952 | HL29: =DH29+DT29+BW29 -> 41076 | HM29: =DI29+DU29+BX29 -> 114743 | HO29: 45170 | HP29: =DX29+HA29 -> 0 | HQ29: =DY29+GZ29 -> 0 | HR29: =DZ29+GY29 -> 0 | HS29: =EA29+GX29 -> 0 | HT29: =EB29+GU29 -> 0 | HU29: =EC29+GS29 -> 0 | HV29: =ED29+GV29 -> 0 | HW29: =EE29+GR29 -> 0 | HX29: =EF29+GW29 -> 0 | HY29: =EG29+GT29 -> 0
B30: 45200 | C30: 14 | D30: 174 | E30: 737 | F30: 366 | G30: 69 | H30: 273 | I30: 1885 | J30: 1385 | K30: 0 | L30: =SUM(C30:K30) -> 4903 | N30: 45200 | O30: 14 | P30: 174 | Q30: 737 | R30: 366 | S30: 69 | T30: 273 | U30: 1885 | V30: 1385 | W30: 0 | X30: =SUM(O30:W30) -> 4903 | Z30: 45200 | AL30: 45200 | AM30: 0 | AN30: 387897 | AO30: 492520 | AP30: 123989 | AQ30: 157507 | AR30: 580524 | AS30: 38611 | AT30: 313549 | AU30: 184905 | AV30: =SUM(AM30:AU30) -> 2279502 | AX30: 45200 | AY30: 0 | AZ30: 164985 | BA30: 232968 | BB30: 97878 | BC30: 116643 | BD30: 556491 | BE30: 29942 | BF30: 71399 | BG30: 105957 | BH30: =SUM(AY30:BG30) -> 1376263 | BJ30: 45200 | BK30: =BM30+BO30 -> 578428 | BO30: 578428 | BQ30: 180323 | BR30: 166115 | BS30: 42516 | BT30: 23044 | BU30: 21158 | BV30: 3834 | BW30: 39378 | BX30: 101519 | BY30: 541 | CA30: 45200 | CM30: 45200 | CY30: 45200 | DK30: 45200 | DW30: 45200 | EI30: 45200 | EU30: 45200 | EV30: 609043 | EW30: 105 | EX30: 86522 | EY30: 109569 | EZ30: 28168 | FA30: 21216 | FB30: 25564 | FC30: 5252 | FD30: 25578 | FE30: 50647 | FG30: 45200 | FH30: 340439 | FI30: 58 | FJ30: 46914 | FK30: 62720 | FL30: 15935 | FM30: 11191 | FN30: 15439 | FO30: 2707 | FP30: 13455 | FQ30: 27278 | FS30: 45200 | FT30: 329 | FU30: 158 | FV30: 28 | FW30: 100 | FX30: 159 | FY30: 678 | FZ30: 161 | GA30: 439 | GC30: 2006 | GE30: 45200 | GQ30: 45200 | HC30: 45200 | HD30: =CZ30+DL30+BM30 -> 0 | HE30: =DA30+DM30+BP30 -> 0 | HF30: =DB30+DN30+BQ30 -> 180323 | HG30: =DC30+DO30+BR30 -> 166115 | HH30: =DD30+DP30+BS30 -> 42516 | HI30: =DE30+DQ30+BT30 -> 23044 | HJ30: =DF30+DR30+BU30 -> 21158 | HK30: =DG30+DS30+BV30 -> 3834 | HL30: =DH30+DT30+BW30 -> 39378 | HM30: =DI30+DU30+BX30 -> 101519 | HO30: 45200 | HP30: =DX30+HA30 -> 0 | HQ30: =DY30+GZ30 -> 0 | HR30: =DZ30+GY30 -> 0 | HS30: =EA30+GX30 -> 0 | HT30: =EB30+GU30 -> 0 | HU30: =EC30+GS30 -> 0 | HV30: =ED30+GV30 -> 0 | HW30: =EE30+GR30 -> 0 | HX30: =EF30+GW30 -> 0 | HY30: =EG30+GT30 -> 0
B31: 45231 | C31: 13 | D31: 294 | E31: 682 | F31: 320 | G31: 125 | H31: 419 | I31: 2028 | J31: 1554 | K31: 0 | L31: =SUM(C31:K31) -> 5435 | N31: 45231 | O31: 13 | P31: 294 | Q31: 682 | R31: 320 | S31: 125 | T31: 419 | U31: 2028 | V31: 1554 | W31: 0 | X31: =SUM(O31:W31) -> 5435 | Z31: 45231 | AL31: 45231 | AM31: 18154 | AN31: 590379 | AO31: 569240 | AP31: 49443 | AQ31: 74044 | AR31: 44346 | AS31: 20416 | AT31: 115959 | AU31: 118493 | AV31: =SUM(AM31:AU31) -> 1600474 | AX31: 45231 | AY31: 1324 | AZ31: 364257 | BA31: 387834 | BB31: 24429 | BC31: 44288 | BD31: 21968 | BE31: 9733 | BF31: 33008 | BG31: 42124 | BH31: =SUM(AY31:BG31) -> 928965 | BJ31: 45231 | BK31: =BM31+BO31 -> 587020 | BO31: 587020 | BQ31: 181641 | BR31: 179790 | BS31: 44374 | BT31: 24188 | BU31: 24356 | BV31: 3727 | BW31: 39582 | BX31: 89147 | BY31: 215 | CA31: 45231 | CM31: 45231 | CY31: 45231 | DK31: 45231 | DW31: 45231 | EI31: 45231 | EU31: 45231 | EV31: 623958 | EW31: 1075 | EX31: 103002 | EY31: 122798 | EZ31: 23564 | FA31: 20049 | FB31: 19206 | FC31: 5015 | FD31: 23179 | FE31: 49159 | FG31: 45231 | FH31: 335442 | FI31: 128 | FJ31: 58456 | FK31: 70936 | FL31: 11426 | FM31: 9778 | FN31: 8392 | FO31: 2356 | FP31: 11144 | FQ31: 23789 | FS31: 45231 | FT31: 276 | FU31: 153 | FV31: 36 | FW31: 99 | FX31: 151 | FY31: 720 | FZ31: 141 | GA31: 539 | GC31: 2077 | GE31: 45231 | GQ31: 45231 | HC31: 45231 | HD31: =CZ31+DL31+BM31 -> 0 | HE31: =DA31+DM31+BP31 -> 0 | HF31: =DB31+DN31+BQ31 -> 181641 | HG31: =DC31+DO31+BR31 -> 179790 | HH31: =DD31+DP31+BS31 -> 44374 | HI31: =DE31+DQ31+BT31 -> 24188 | HJ31: =DF31+DR31+BU31 -> 24356 | HK31: =DG31+DS31+BV31 -> 3727 | HL31: =DH31+DT31+BW31 -> 39582 | HM31: =DI31+DU31+BX31 -> 89147 | HO31: 45231 | HP31: =DX31+HA31 -> 0 | HQ31: =DY31+GZ31 -> 0 | HR31: =DZ31+GY31 -> 0 | HS31: =EA31+GX31 -> 0 | HT31: =EB31+GU31 -> 0 | HU31: =EC31+GS31 -> 0 | HV31: =ED31+GV31 -> 0 | HW31: =EE31+GR31 -> 0 | HX31: =EF31+GW31 -> 0 | HY31: =EG31+GT31 -> 0
B32: 45261 | C32: 19 | D32: 247 | E32: 892 | F32: 378 | G32: 130 | H32: 394 | I32: 2590 | J32: 1986 | K32: 0 | L32: =SUM(C32:K32) -> 6636 | N32: 45261 | O32: 19 | P32: 247 | Q32: 892 | R32: 378 | S32: 130 | T32: 394 | U32: 2590 | V32: 1986 | W32: 0 | X32: =SUM(O32:W32) -> 6636 | Z32: 45261 | AL32: 45261 | AM32: 14551 | AN32: 1029470 | AO32: 802331 | AP32: 108492 | AQ32: 120582 | AR32: 76846 | AS32: 29472 | AT32: 140769 | AU32: 406970 | AV32: =SUM(AM32:AU32) -> 2729483 | AX32: 45261 | AY32: 1164 | AZ32: 755665 | BA32: 655901 | BB32: 74897 | BC32: 84602 | BD32: 54474 | BE32: 19475 | BF32: 90987 | BG32: 273907 | BH32: =SUM(AY32:BG32) -> 2011072 | BJ32: 45261 | BK32: =BM32+BO32 -> 826675 | BO32: 826675 | BQ32: 257161 | BR32: 247065 | BS32: 60002 | BT32: 39339 | BU32: 32886 | BV32: 5466 | BW32: 60053 | BX32: 124441 | BY32: 262 | CA32: 45261 | CM32: 45261 | CY32: 45261 | DK32: 45261 | DW32: 45261 | EI32: 45261 | EU32: 45261 | EV32: 779858 | EW32: 1242 | EX32: 125400 | EY32: 133653 | EZ32: 26203 | FA32: 20414 | FB32: 20683 | FC32: 5698 | FD32: 25634 | FE32: 67156 | FG32: 45261 | FH32: 451252 | FI32: 174 | FJ32: 78191 | FK32: 79997 | FL32: 14285 | FM32: 10564 | FN32: 10663 | FO32: 2778 | FP32: 14686 | FQ32: 36726 | FS32: 45261 | FT32: 436 | FU32: 157 | FV32: 50 | FW32: 103 | FX32: 193 | FY32: 967 | FZ32: 212 | GA32: 680 | GC32: 2744 | GE32: 45261 | GQ32: 45261 | HC32: 45261 | HD32: =CZ32+DL32+BM32 -> 0 | HE32: =DA32+DM32+BP32 -> 0 | HF32: =DB32+DN32+BQ32 -> 257161 | HG32: =DC32+DO32+BR32 -> 247065 | HH32: =DD32+DP32+BS32 -> 60002 | HI32: =DE32+DQ32+BT32 -> 39339 | HJ32: =DF32+DR32+BU32 -> 32886 | HK32: =DG32+DS32+BV32 -> 5466 | HL32: =DH32+DT32+BW32 -> 60053 | HM32: =DI32+DU32+BX32 -> 124441 | HO32: 45261 | HP32: =DX32+HA32 -> 0 | HQ32: =DY32+GZ32 -> 0 | HR32: =DZ32+GY32 -> 0 | HS32: =EA32+GX32 -> 0 | HT32: =EB32+GU32 -> 0 | HU32: =EC32+GS32 -> 0 | HV32: =ED32+GV32 -> 0 | HW32: =EE32+GR32 -> 0 | HX32: =EF32+GW32 -> 0 | HY32: =EG32+GT32 -> 0
